0,67,63,62,15,56,82,40,14,19,10,36,78,42,40,17,35,102,46,11,41,93,84,83,30,19,39,35,71,88,57,28,74,73,61,53,37,42,32,32,74,46,64,108,105,55,51,35,42,53,69,61,77,57,108,73,82,67,46,48,96,57,60,86,94,63,58,65,93,88,60,103,65,76,88,57,60,109,65,71,65,63,62,95,79,74,84,66,80,87,76,114,70,69,114,95,88,75,90,84,115,118,104,107,87,77,103,99,120,82,106,85,82,92,97,106,122,111,113,96,93,89,129,95
67,0,130,129,52,11,149,107,53,85,76,31,12,109,107,83,34,169,24,64,107,27,151,20,93,69,39,46,22,153,121,82,27,137,124,115,53,46,84,66,31,47,34,173,169,115,110,83,55,43,131,121,139,46,172,42,42,127,66,67,48,57,54,146,50,117,110,120,51,51,65,164,116,56,54,75,70,170,115,123,112,109,105,154,134,122,136,91,71,140,75,72,106,99,172,149,71,86,140,131,77,174,158,77,133,98,78,79,176,93,157,123,115,84,88,85,176,86,86,138,133,100,184,136
63,130,0,1,78,119,19,23,77,45,54,99,141,22,24,47,97,40,108,68,26,155,23,145,43,66,98,92,133,33,28,58,135,28,29,34,90,98,60,78,133,101,123,51,49,39,41,63,93,109,35,39,37,112,54,129,139,43,90,92,154,106,111,48,151,54,58,53,150,144,106,59,59,128,143,96,102,63,63,60,66,69,71,59,59,67,66,93,126,67,119,168,84,90,74,69,136,109,73,75,168,80,75,158,79,103,151,146,83,114,80,89,94,134,138,151,88,158,160,89,91,118,93,91
62,129,1,0,77,118,20,22,76,44,53,98,140,21,23,46,96,41,107,67,25,154,24,144,42,66,97,91,132,33,27,57,134,28,29,33,89,97,59,77,132,100,122,52,50,38,41,62,92,108,35,39,37,111,55,128,138,43,89,91,153,105,110,48,151,53,57,53,149,143,105,59,59,128,142,95,101,63,62,59,66,68,70,59,59,66,66,93,125,67,118,167,83,89,74,69,135,108,73,75,167,80,76,157,79,102,150,145,84,113,80,88,93,133,137,151,89,157,160,89,91,117,93,91
15,52,78,77,0,41,97,55,2,33,24,21,63,57,55,31,20,117,31,14,55,78,99,68,43,23,26,24,57,102,71,36,60,87,74,65,29,32,39,31,60,36,51,122,119,67,62,41,34,42,82,73,90,47,122,60,69,79,42,44,83,48,51,98,81,72,66,75,81,76,54,116,74,66,76,54,55,121,73,80,72,70,67,107,89,82,93,66,72,97,70,101,74,71,126,105,79,71,98,92,103,129,114,97,94,77,93,90,131,79,115,89,85,85,90,97,133,101,103,102,98,86,140,101
56,11,119,118,41,0,138,96,42,74,65,20,22,98,96,72,23,158,14,53,96,37,140,29,82,58,30,36,24,142,110,72,29,126,114,104,43,38,73,56,32,39,31,162,158,104,100,73,46,36,120,110,128,40,161,40,43,116,57,58,53,51,48,135,53,106,99,110,54,52,59,153,106,53,55,67,63,159,105,113,102,99,96,143,123,113,126,83,67,130,70,76,98,91,161,138,69,80,130,122,80,164,147,78,123,91,78,78,166,87,148,114,106,81,85,84,166,86,87,129,124,94,174,127
82,149,19,20,97,138,0,42,96,64,73,118,160,40,42,66,116,21,127,86,44,174,11,164,60,85,116,111,151,24,39,75,153,31,39,47,108,116,76,96,152,119,141,37,36,50,54,80,111,127,41,49,39,129,43,147,157,51,107,109,172,123,128,47,169,64,69,62,168,162,122,52,69,146,161,111,118,55,73,68,77,80,83,57,64,75,71,107,142,71,134,185,95,103,68,70,152,124,77,81,185,74,75,174,85,116,167,162,78,128,80,97,104,149,153,167,84,174,176,95,98,131,87,97
40,107,23,22,55,96,42,0,54,22,31,76,118,4,4,24,74,62,85,45,9,132,44,122,23,44,75,70,110,50,26,38,112,38,30,27,69,76,40,57,111,79,101,70,67,32,32,45,72,87,39,36,45,90,72,107,117,43,70,72,132,85,90,55,129,47,48,48,128,122,86,71,52,107,122,77,82,76,54,55,57,58,59,67,58,61,65,78,106,68,100,147,72,76,84,72,116,92,72,71,147,89,80,138,75,88,131,126,93,98,84,80,83,115,120,132,96,138,141,85,85,103,102,86
14,53,77,76,2,42,96,54,0,32,23,22,64,56,54,30,20,116,32,12,54,78,98,69,41,21,25,23,57,101,69,34,60,85,73,64,28,31,37,28,60,35,51,121,117,65,61,39,33,41,80,71,88,46,120,60,68,77,40,42,82,47,49,96,81,70,64,73,80,75,52,114,71,65,76,52,53,119,71,78,70,67,65,105,87,79,91,64,71,95,68,101,72,68,124,103,78,69,96,90,103,127,112,96,92,74,92,89,129,77,113,87,83,84,88,96,131,100,102,100,96,84,138,99
19,85,45,44,33,74,64,22,32,0,9,54,96,24,22,2,52,84,63,23,22,110,65,100,14,24,53,48,88,69,39,22,90,55,43,35,48,55,26,37,89,58,79,89,86,38,35,30,51,66,51,44,59,69,90,86,95,51,52,54,110,65,69,68,108,49,46,51,107,101,67,85,52,87,101,60,65,91,53,57,54,53,53,79,64,61,70,65,88,73,82,126,64,66,97,80,97,77,76,72,126,101,89,118,76,76,112,108,104,84,91,76,76,98,102,114,106,120,122,85,83,90,113,85
10,76,54,53,24,65,73,31,23,9,0,45,87,33,31,7,43,93,54,14,31,101,74,91,20,17,45,40,79,78,47,21,81,63,51,42,40,47,25,32,80,50,70,98,95,45,41,29,44,58,59,50,67,61,98,78,87,57,46,48,102,59,62,75,100,53,49,56,99,93,61,93,56,80,93,56,59,98,56,62,57,55,54,85,70,65,75,62,82,78,77,118,64,64,104,85,91,73,80,76,119,108,94,111,79,74,105,101,110,80,96,78,76,93,97,108,112,113,115,88,85,86,120,88
36,31,99,98,21,20,118,76,22,54,45,0,42,78,76,52,3,138,10,32,75,56,119,47,61,38,15,19,36,122,89,51,40,106,93,84,27,25,53,37,40,27,34,142,138,84,79,54,31,29,100,90,108,35,141,43,50,96,42,44,63,41,41,115,62,87,80,90,62,58,49,133,87,52,60,54,52,139,86,94,84,81,78,123,104,94,107,69,63,111,63,84,81,75,142,119,67,69,111,103,86,145,128,81,105,78,79,78,147,77,129,97,91,76,81,84,147,88,89,112,107,84,155,111
78,12,141,140,63,22,160,118,64,96,87,42,0,120,118,94,44,180,33,74,117,15,161,9,103,78,47,54,20,163,131,91,24,147,134,124,60,53,92,74,28,52,35,183,179,124,120,92,61,47,140,130,149,50,182,40,38,135,72,72,41,61,57,155,43,125,118,128,45,46,69,173,124,55,50,80,74,178,122,131,119,116,112,162,142,130,144,96,71,147,76,64,112,104,180,156,69,89,147,138,70,182,165,71,139,102,74,76,184,95,165,128,119,83,86,81,184,81,81,144,138,102,192,142
42,109,22,21,57,98,40,4,56,24,33,78,120,0,2,26,76,60,87,46,6,134,42,124,22,45,76,71,111,47,22,37,113,34,26,23,69,77,39,57,112,79,101,67,64,28,28,43,72,88,34,32,41,90,68,108,118,38,70,72,133,85,89,51,130,43,44,44,129,123,85,66,48,107,122,76,81,71,51,51,54,55,56,62,54,57,61,76,105,63,99,147,69,74,80,68,115,91,68,67,147,85,76,137,71,86,131,125,88,96,79,77,80,114,118,131,92,138,140,81,81,101,98,82
40,107,24,23,55,96,42,4,54,22,31,76,118,2,0,24,74,62,85,44,5,132,44,122,20,43,74,69,109,48,23,35,111,35,27,23,67,75,38,55,110,77,99,69,65,28,28,42,70,86,36,32,42,88,69,106,116,39,68,70,131,83,88,52,128,43,44,44,127,121,83,68,48,106,120,74,80,73,50,51,53,54,55,64,55,57,61,74,104,64,97,145,68,73,81,68,114,89,68,67,145,86,77,135,71,85,129,124,89,95,80,76,79,113,117,130,93,136,138,81,81,100,99,82
17,83,47,46,31,72,66,24,30,2,7,52,94,26,24,0,50,86,61,20,24,108,67,98,14,21,51,46,86,71,40,21,88,56,44,36,45,52,25,35,87,55,77,91,88,39,36,29,49,64,52,45,60,67,91,84,93,52,50,52,108,63,67,69,106,49,46,51,105,99,65,87,52,85,98,59,63,92,53,57,54,53,52,79,65,61,70,63,86,73,80,124,63,64,98,80,95,75,76,72,124,102,89,116,75,74,110,105,105,82,91,76,75,96,100,112,107,117,120,84,83,88,114,85
35,34,97,96,20,23,116,74,20,52,43,3,44,76,74,50,0,136,11,30,73,58,117,48,59,35,13,17,37,120,87,49,40,103,91,81,25,22,51,35,41,25,33,139,136,82,77,51,29,28,97,87,106,33,138,43,50,93,40,41,64,39,39,113,62,84,77,87,62,58,46,131,84,51,59,51,49,136,83,91,81,78,75,121,101,91,104,66,61,108,61,83,78,73,139,117,66,66,108,101,86,142,126,81,103,75,78,77,144,75,126,95,88,75,79,83,145,87,88,109,104,82,152,108
102,169,40,41,117,158,21,62,116,84,93,138,180,60,62,86,136,0,147,106,63,194,19,184,79,103,135,130,170,25,54,93,172,40,52,61,127,134,93,113,170,137,160,24,25,64,69,96,128,145,51,61,45,147,32,165,175,60,124,125,190,140,145,50,187,75,81,73,186,179,138,47,80,162,178,127,133,48,83,77,88,91,95,57,70,84,76,120,157,75,149,202,107,115,62,72,168,137,81,88,201,68,74,190,91,128,183,176,72,140,80,105,114,163,166,182,78,188,191,100,104,143,79,102
46,24,108,107,31,14,127,85,32,63,54,10,33,87,85,61,11,147,0,41,84,47,128,37,70,45,16,22,26,130,97,59,30,114,101,91,30,24,60,42,31,26,25,150,146,91,87,60,33,25,107,97,116,30,148,35,41,103,44,45,54,39,38,122,53,93,86,96,53,50,47,140,93,46,51,54,51,146,91,99,89,85,82,130,110,99,113,70,58,116,60,75,84,77,148,125,62,68,116,108,78,151,134,74,110,78,72,72,153,76,134,100,93,72,76,78,153,81,82,115,110,83,161,114
11,64,68,67,14,53,86,45,12,23,14,32,74,46,44,20,30,106,41,0,43,88,87,78,29,9,31,26,65,89,57,22,67,73,61,52,27,33,25,22,66,36,56,109,106,53,48,27,31,44,68,59,76,48,109,64,73,65,35,38,88,46,50,84,86,58,52,61,85,79,50,102,59,67,79,47,49,107,59,66,58,56,54,93,75,68,79,56,70,83,66,105,62,60,112,91,78,64,84,78,106,115,100,98,81,67,93,89,117,72,101,77,73,81,86,95,119,101,103,89,85,78,126,88
41,107,26,25,55,96,44,9,54,22,31,75,117,6,5,24,73,63,84,43,0,131,44,121,17,41,73,67,108,47,19,32,109,33,23,19,65,72,34,52,108,75,97,68,64,23,23,38,67,83,32,28,39,86,68,103,113,35,64,66,129,80,85,49,126,38,39,39,124,118,80,65,43,102,117,70,76,70,45,46,48,49,50,60,50,52,57,70,100,59,93,142,63,68,78,64,110,85,63,62,142,83,72,132,66,80,125,120,86,90,76,71,74,109,113,126,89,132,135,76,76,95,95,77
93,27,155,154,78,37,174,132,78,110,101,56,15,134,132,108,58,194,47,88,131,0,175,10,116,91,60,66,26,177,144,104,28,160,147,137,71,64,105,85,32,63,42,196,192,137,132,104,72,56,153,142,161,57,194,44,38,148,82,81,35,69,64,167,39,136,129,140,41,45,76,185,135,57,48,88,82,190,133,142,130,126,122,174,153,140,154,104,74,158,81,57,121,112,191,167,70,94,157,148,63,193,175,67,148,108,72,75,195,100,175,136,127,85,87,79,194,78,77,152,146,106,202,150
84,151,23,24,99,140,11,44,98,65,74,119,161,42,44,67,117,19,128,87,44,175,0,165,59,84,116,110,151,13,35,73,153,23,33,42,107,115,74,94,151,118,140,28,26,45,50,77,109,126,33,42,30,128,33,146,156,43,104,106,171,121,125,37,168,57,63,55,166,160,119,41,62,143,158,108,114,44,66,60,70,73,77,47,55,67,61,102,138,62,130,182,89,97,57,60,148,119,68,73,182,63,64,171,77,110,163,157,67,122,70,89,97,144,148,163,73,170,172,86,89,125,76,88
83,20,145,144,68,29,164,122,69,100,91,47,9,124,122,98,48,184,37,78,121,10,165,0,106,81,49,56,17,167,134,94,19,150,137,127,61,53,95,75,23,53,32,186,182,127,122,93,62,46,143,132,151,48,184,36,31,137,72,72,32,59,55,157,35,126,119,129,37,39,66,175,125,50,43,78,72,180,123,132,120,116,112,164,143,130,144,94,66,148,72,56,111,103,181,157,64,86,147,138,61,183,165,63,139,99,67,70,185,92,165,127,118,78,80,74,184,74,74,143,137,98,192,141
30,93,43,42,43,82,60,23,41,14,20,61,103,22,20,14,59,79,70,29,17,116,59,106,0,25,57,51,92,61,28,15,93,44,32,23,48,56,18,35,92,59,81,80,77,25,21,22,51,67,39,31,47,69,79,87,97,38,48,50,112,64,68,56,109,34,32,37,108,102,64,73,38,86,101,54,60,79,39,43,40,40,40,65,50,47,56,56,84,59,77,125,52,55,84,66,94,70,62,58,125,88,75,116,61,66,109,104,91,75,77,63,64,93,97,110,93,116,118,71,70,81,100,71
19,69,66,66,23,58,85,44,21,24,17,38,78,45,43,21,35,103,45,9,41,91,84,81,25,0,32,26,67,85,52,14,68,69,56,46,24,32,16,14,67,35,57,105,101,46,42,18,27,43,62,52,71,46,103,63,73,58,29,31,88,42,46,78,85,50,44,53,84,78,44,96,51,64,77,39,42,101,50,57,49,47,45,86,67,59,71,47,64,74,60,102,52,50,104,83,74,56,76,69,103,107,92,94,72,58,89,84,110,64,93,67,64,75,80,91,111,96,98,79,76,70,118,79
39,39,98,97,26,30,116,75,25,53,45,15,47,76,74,51,13,135,16,31,73,60,116,49,57,32,0,6,35,117,84,44,37,100,87,78,13,9,45,26,36,12,26,137,133,77,72,44,17,16,93,83,102,21,135,34,43,88,28,29,58,26,26,108,56,78,70,81,55,50,33,126,77,40,50,39,36,131,75,84,73,69,66,115,94,83,97,54,48,100,48,75,68,61,133,109,54,54,100,92,77,135,118,71,93,63,67,65,137,62,118,84,77,62,66,72,137,76,77,99,94,69,145,98
35,46,92,91,24,36,111,70,23,48,40,19,54,71,69,46,17,130,22,26,67,66,110,56,51,26,6,0,41,111,78,38,42,94,81,71,8,8,39,20,41,12,31,130,127,71,66,38,12,18,87,76,95,23,128,38,47,82,23,25,62,25,26,101,60,71,64,74,59,54,31,119,71,42,54,35,33,125,69,77,67,63,60,109,88,77,90,50,48,94,47,79,62,56,126,103,55,50,94,86,80,129,112,73,87,59,69,66,131,59,112,79,72,61,66,73,131,77,79,93,88,66,139,92
71,22,133,132,57,24,151,110,57,88,79,36,20,111,109,86,37,170,26,65,108,26,151,17,92,67,35,41,0,152,119,79,5,135,122,112,46,38,79,60,9,36,16,171,167,112,107,78,46,30,128,117,136,31,169,21,20,122,55,55,29,42,38,141,29,110,103,114,30,29,50,159,109,35,32,62,56,165,107,115,103,100,96,148,127,114,128,78,51,131,57,51,95,86,165,140,50,69,130,121,56,167,149,55,122,83,56,58,168,76,148,110,101,64,67,63,168,64,64,126,120,82,176,124
88,153,33,33,102,142,24,50,101,69,78,122,163,47,48,71,120,25,130,89,47,177,13,167,61,85,117,111,152,0,33,73,153,17,30,40,107,115,73,93,151,117,140,20,17,42,47,75,108,125,27,38,21,127,22,145,155,36,102,104,170,119,124,26,166,51,58,48,165,158,116,28,56,141,157,104,111,31,59,52,64,67,71,34,45,59,51,97,134,51,126,180,82,91,44,48,145,114,57,63,179,50,52,168,67,103,160,153,54,116,57,81,89,139,143,158,60,165,168,75,80,119,63,78
57,121,28,27,71,110,39,26,69,39,47,89,131,22,23,40,87,54,97,57,19,144,35,134,28,52,84,78,119,33,0,40,120,16,4,8,74,82,40,60,118,84,107,52,49,11,15,43,75,92,13,11,20,94,51,112,122,17,70,72,137,86,91,30,134,26,30,26,132,126,84,46,32,109,124,73,79,52,35,32,39,41,44,41,33,39,40,68,103,42,96,148,57,64,59,46,114,85,47,48,147,63,54,136,52,76,129,123,67,88,58,61,66,110,114,128,70,135,138,62,64,92,76,64
28,82,58,57,36,72,75,38,34,22,21,51,91,37,35,21,49,93,59,22,32,104,73,94,15,14,44,38,79,73,40,0,80,56,43,33,34,42,4,21,78,44,67,92,88,33,28,8,36,53,49,39,57,55,90,73,83,44,33,35,98,48,53,64,95,36,30,39,93,87,48,82,38,71,86,40,45,87,37,44,37,35,34,72,53,46,57,43,69,61,62,110,43,44,90,69,78,55,62,56,110,93,78,100,59,54,94,89,96,62,79,57,55,78,82,95,97,101,103,68,65,68,104,67
74,27,135,134,60,29,153,112,60,90,81,40,24,113,111,88,40,172,30,67,109,28,153,19,93,68,37,42,5,153,120,80,0,136,123,113,46,38,80,60,4,36,14,172,168,112,107,78,46,29,128,117,136,30,170,17,15,122,54,54,24,41,36,142,24,110,102,113,25,24,48,159,108,31,27,60,54,165,106,115,103,99,95,148,126,113,127,76,47,131,53,47,93,84,165,140,46,67,129,120,51,166,148,49,121,80,51,53,168,73,147,108,99,60,62,58,167,59,59,124,118,79,175,122
73,137,28,28,87,126,31,38,85,55,63,106,147,34,35,56,103,40,114,73,33,160,23,150,44,69,100,94,135,17,16,56,136,0,13,23,90,98,56,76,134,100,123,36,32,25,29,58,91,108,11,21,9,109,35,128,138,21,85,86,153,101,106,19,149,34,41,33,148,141,99,33,40,124,139,87,94,37,43,38,48,51,54,31,33,45,40,80,117,41,109,163,66,75,47,41,128,97,46,51,161,52,47,151,55,87,143,136,56,100,52,67,74,123,126,142,60,148,151,64,67,103,65,66
61,124,29,29,74,114,39,30,73,43,51,93,134,26,27,44,91,52,101,61,23,147,33,137,32,56,87,81,122,30,4,43,123,13,0,10,77,85,43,63,121,87,110,49,45,12,17,45,78,95,9,10,16,97,48,115,125,14,72,74,140,89,94,25,136,25,30,24,135,128,86,42,31,111,126,75,81,47,34,30,38,41,44,37,30,38,37,69,105,39,97,150,57,64,55,42,116,86,44,46,149,59,50,138,50,77,131,124,62,89,54,60,66,111,115,130,66,136,139,60,62,92,72,61
53,115,34,33,65,104,47,27,64,35,42,84,124,23,23,36,81,61,91,52,19,137,42,127,23,46,78,71,112,40,8,33,113,23,10,0,67,75,33,53,111,77,100,59,55,5,8,35,68,85,17,9,25,87,57,105,115,16,63,64,130,79,84,33,126,21,24,21,125,118,77,51,26,101,117,65,72,56,29,28,33,35,37,43,31,35,38,61,96,41,88,141,50,57,62,46,106,77,45,44,139,66,54,129,48,69,121,115,69,81,57,55,60,102,106,121,71,127,130,58,59,85,78,59
37,53,90,89,29,43,108,69,28,48,40,27,60,69,67,45,25,127,30,27,65,71,107,61,48,24,13,8,46,107,74,34,46,90,77,67,0,8,34,14,44,10,33,126,122,66,61,32,5,19,82,71,90,21,124,39,49,76,15,17,64,20,23,96,61,65,58,68,60,54,25,114,64,40,53,27,26,119,62,71,60,56,53,102,82,70,84,42,43,87,41,78,54,48,120,96,51,43,87,78,79,122,105,71,80,51,66,62,124,51,105,71,64,56,61,69,124,74,76,86,81,58,132,84
42,46,98,97,32,38,116,76,31,55,47,25,53,77,75,52,22,134,24,33,72,64,115,53,56,32,9,8,38,115,82,42,38,98,85,75,8,0,42,22,36,4,25,134,130,74,69,40,9,11,90,79,98,15,132,31,41,84,20,21,56,17,18,104,53,73,65,76,52,47,24,122,72,34,46,30,27,127,69,78,67,63,60,110,89,77,91,46,40,94,39,72,60,53,128,103,47,44,94,85,73,130,112,65,87,54,61,58,131,52,112,76,69,54,58,64,131,69,71,92,86,59,139,90
32,84,60,59,39,73,76,40,37,26,25,53,92,39,38,25,51,93,60,25,34,105,74,95,18,16,45,39,79,73,40,4,80,56,43,33,34,42,0,20,78,44,67,92,88,32,27,4,35,52,48,38,57,54,90,72,82,43,31,33,97,47,52,63,94,34,28,37,92,86,46,81,35,69,84,37,42,86,34,41,33,31,30,70,51,43,55,39,66,58,60,109,39,40,89,66,76,52,59,53,108,91,76,98,56,50,92,86,93,58,76,53,51,75,79,92,94,98,101,64,61,64,102,64
32,66,78,77,31,56,96,57,28,37,32,37,74,57,55,35,35,113,42,22,52,85,94,75,35,14,26,20,60,93,60,21,60,76,63,53,14,22,20,0,58,24,47,112,108,52,47,18,15,32,68,57,76,34,109,52,62,62,14,17,77,28,33,82,74,51,44,54,73,66,30,100,51,51,65,25,28,105,49,57,47,43,40,89,68,57,70,35,50,74,45,90,44,40,106,83,60,42,74,66,90,109,92,81,68,46,75,70,110,50,92,60,55,61,65,76,111,82,84,74,70,57,119,73
74,31,133,132,60,32,152,111,60,89,80,40,28,112,110,87,41,170,31,66,108,32,151,23,92,67,36,41,9,151,118,78,4,134,121,111,44,36,78,58,0,34,11,170,166,110,105,76,43,26,126,115,134,26,167,12,11,120,51,51,23,37,33,139,22,108,100,111,22,21,44,157,106,26,23,56,50,162,103,112,100,96,92,145,123,110,124,72,43,127,49,44,89,81,162,137,41,62,126,117,48,163,145,46,117,76,47,49,164,69,144,105,95,55,58,54,164,55,55,121,115,74,172,119
46,47,101,100,36,39,119,79,35,58,50,27,52,79,77,55,25,137,26,36,75,63,118,53,59,35,12,12,36,117,84,44,36,100,87,77,10,4,44,24,34,0,23,136,132,76,71,42,9,8,92,81,100,11,133,28,38,86,19,20,54,14,15,105,51,74,66,77,49,43,21,123,72,30,43,29,25,128,70,79,67,64,60,111,90,77,92,45,37,95,36,68,60,52,129,104,43,42,94,85,69,131,113,62,87,52,57,54,132,50,112,76,68,50,55,61,132,65,67,91,86,57,140,90
64,34,123,122,51,31,141,101,51,79,70,34,35,101,99,77,33,160,25,56,97,42,140,32,81,57,26,31,16,140,107,67,14,123,110,100,33,25,67,47,11,23,0,159,155,99,94,65,32,15,115,104,123,16,156,10,17,109,41,40,32,27,23,128,30,97,89,100,29,25,34,146,95,22,26,46,40,151,92,101,89,85,81,134,112,99,113,62,37,117,42,50,79,70,151,126,38,54,116,106,53,152,134,48,107,67,47,47,154,61,133,95,85,50,54,53,153,56,57,111,105,67,161,109
108,173,51,52,122,162,37,70,121,89,98,142,183,67,69,91,139,24,150,109,68,196,28,186,80,105,137,130,171,20,52,92,172,36,49,59,126,134,92,112,170,136,159,0,4,60,65,94,127,144,44,55,36,145,9,163,173,52,120,122,188,137,142,35,185,66,74,63,183,176,134,26,70,158,174,121,128,25,74,66,78,82,86,38,56,72,61,112,151,59,142,197,96,105,39,54,161,129,65,73,195,45,54,184,76,118,176,169,49,131,59,92,101,155,158,174,55,181,184,83,88,133,56,86
105,169,49,50,119,158,36,67,117,86,95,138,179,64,65,88,136,25,146,106,64,192,26,182,77,101,133,127,167,17,49,88,168,32,45,55,122,130,88,108,166,132,155,4,0,56,61,90,123,140,40,51,32,141,7,159,169,48,116,118,184,133,138,31,181,62,70,59,179,172,129,23,66,154,170,117,124,23,70,61,74,78,82,35,52,68,57,108,147,56,138,193,92,101,37,50,157,125,61,69,191,43,50,180,72,113,172,165,47,127,56,88,97,151,154,170,53,177,180,79,85,128,54,82
55,115,39,38,67,104,50,32,65,38,45,84,124,28,28,39,82,64,91,53,23,137,45,127,25,46,77,71,112,42,11,33,112,25,12,5,66,74,32,52,110,76,99,60,56,0,5,34,67,84,16,6,24,85,57,103,113,13,61,62,128,77,82,31,125,16,19,16,123,116,74,49,21,99,115,63,69,55,24,23,28,30,33,41,27,29,33,57,93,36,85,138,45,52,59,42,103,74,40,39,137,63,50,126,43,65,118,112,66,77,53,50,55,99,103,118,68,124,127,53,54,81,75,54
51,110,41,41,62,100,54,32,61,35,41,79,120,28,28,36,77,69,87,48,23,132,50,122,21,42,72,66,107,47,15,28,107,29,17,8,61,69,27,47,105,71,94,65,61,5,0,29,62,79,21,10,29,80,62,98,108,17,56,57,123,72,77,36,120,15,17,16,118,111,70,54,20,94,110,58,65,59,23,23,26,27,29,45,29,29,35,53,88,38,81,133,42,49,63,44,99,69,41,39,132,67,53,121,43,62,114,108,69,73,56,49,53,95,98,113,71,120,123,53,53,77,79,54
35,83,63,62,41,73,80,45,39,30,29,54,92,43,42,29,51,96,60,27,38,104,77,93,22,18,44,38,78,75,43,8,78,58,45,35,32,40,4,18,76,42,65,94,90,34,29,0,33,50,50,39,58,51,91,69,79,44,28,29,95,44,49,64,91,34,27,37,89,83,42,81,34,66,81,33,38,87,33,40,31,29,27,71,51,41,54,35,62,57,56,106,35,35,89,66,73,48,58,51,105,91,75,95,54,46,88,82,93,54,75,50,47,71,75,88,94,95,97,61,58,59,102,61
42,55,93,92,34,46,111,72,33,51,44,31,61,72,70,49,29,128,33,31,67,72,109,62,51,27,17,12,46,108,75,36,46,91,78,68,5,9,35,15,43,9,32,127,123,67,62,33,0,17,83,72,91,19,124,37,47,77,11,13,62,15,18,96,59,65,57,68,57,51,20,114,63,36,50,22,21,119,61,70,58,55,51,102,81,68,82,38,39,86,36,75,52,45,120,95,47,38,85,77,75,121,104,67,78,47,62,58,123,46,103,68,60,51,56,64,123,69,71,83,78,53,131,81
53,43,109,108,42,36,127,87,41,66,58,29,47,88,86,64,28,145,25,44,83,56,126,46,67,43,16,18,30,125,92,53,29,108,95,85,19,11,52,32,26,8,15,144,140,84,79,50,17,0,100,89,108,5,141,20,30,93,26,25,45,14,12,113,42,81,74,85,41,35,22,131,80,24,35,33,28,136,77,86,74,70,66,119,97,84,98,49,33,102,35,60,65,57,136,111,38,43,101,92,62,138,120,55,93,55,51,49,139,51,119,81,72,47,51,56,138,60,61,97,91,58,146,95
69,131,35,35,82,120,41,39,80,51,59,100,140,34,36,52,97,51,107,68,32,153,33,143,39,62,93,87,128,27,13,49,128,11,9,17,82,90,48,68,126,92,115,44,40,16,21,50,83,100,0,11,8,101,41,119,129,10,76,78,144,93,98,17,141,24,31,22,139,132,90,34,29,114,130,77,84,39,33,27,37,40,44,28,24,34,31,70,108,32,99,153,56,64,46,34,118,87,38,41,152,51,42,141,45,77,133,127,54,90,46,56,64,112,116,131,57,138,141,54,57,92,63,56
61,121,39,39,73,110,49,36,71,44,50,90,130,32,32,45,87,61,97,59,28,142,42,132,31,52,83,76,117,38,11,39,117,21,10,9,71,79,38,57,115,81,104,55,51,6,10,39,72,89,11,0,19,90,52,108,118,7,65,66,133,81,86,25,129,15,21,14,128,121,79,43,21,103,119,66,73,49,24,21,28,31,34,35,23,28,29,60,97,32,89,142,47,54,53,37,107,76,36,36,141,57,45,130,41,67,122,116,60,80,48,50,56,102,106,121,63,128,131,51,52,83,69,52
77,139,37,37,90,128,39,45,88,59,67,108,149,41,42,60,106,45,116,76,39,161,30,151,47,71,102,95,136,21,20,57,136,9,16,25,90,98,57,76,134,100,123,36,32,24,29,58,91,108,8,19,0,109,33,127,137,16,84,85,152,100,105,11,148,30,38,28,146,140,97,26,35,122,138,85,92,32,38,31,43,47,50,22,25,38,32,76,115,32,106,161,61,70,39,32,125,93,38,43,159,44,38,148,47,83,140,133,48,96,43,60,68,119,122,138,52,145,148,56,60,98,57,58
57,46,112,111,47,40,129,90,46,69,61,35,50,90,88,67,33,147,30,48,86,57,128,48,69,46,21,23,31,127,94,55,30,109,97,87,21,15,54,34,26,11,16,145,141,85,80,51,19,5,101,90,109,0,142,18,28,94,25,25,43,11,8,113,40,82,74,85,39,32,19,131,79,19,32,31,25,136,77,86,73,70,66,119,97,84,98,47,28,101,30,57,64,55,136,110,33,40,100,91,58,137,119,50,91,52,46,44,138,47,118,79,70,42,46,51,137,55,56,95,89,54,145,93
108,172,54,55,122,161,43,72,120,90,98,141,182,68,69,91,138,32,148,109,68,194,33,184,79,103,135,128,169,22,51,90,170,35,48,57,124,132,90,109,167,133,156,9,7,57,62,91,124,141,41,52,33,142,0,160,170,48,117,118,185,133,138,30,181,62,69,59,179,172,130,18,65,155,170,117,124,17,69,60,73,77,81,31,50,66,54,107,146,52,138,193,90,100,31,46,157,124,58,66,191,36,45,179,69,112,171,164,40,125,51,85,95,149,152,169,47,176,179,76,81,127,47,79
73,42,129,128,60,40,147,107,60,86,78,43,40,108,106,84,43,165,35,64,103,44,146,36,87,63,34,38,21,145,112,73,17,128,115,105,39,31,72,52,12,28,10,163,159,103,98,69,37,20,119,108,127,18,160,0,10,112,43,42,25,27,23,131,22,99,91,102,21,16,33,149,97,14,16,46,40,154,94,103,91,87,83,136,114,100,115,61,31,118,37,41,79,70,153,127,30,51,116,107,43,154,136,38,107,65,38,38,155,57,134,94,84,43,46,44,154,46,47,110,104,62,162,108
82,42,139,138,69,43,157,117,68,95,87,50,38,118,116,93,50,175,41,73,113,38,156,31,97,73,43,47,20,155,122,83,15,138,125,115,49,41,82,62,11,38,17,173,169,113,108,79,47,30,129,118,137,28,170,10,0,122,53,52,15,37,32,141,13,109,101,112,12,9,42,158,107,20,12,56,49,164,104,113,100,96,92,146,124,110,124,70,36,128,44,33,88,79,162,137,32,58,126,116,37,164,145,35,116,73,36,38,164,64,143,103,93,47,49,44,163,44,44,119,112,69,171,116
67,127,43,43,79,116,51,43,77,51,57,96,135,38,39,52,93,60,103,65,35,148,43,137,38,58,88,82,122,36,17,44,122,21,14,16,76,84,43,62,120,86,109,52,48,13,17,44,77,93,10,7,16,94,48,112,122,0,69,70,137,85,90,20,133,14,22,12,131,124,82,38,19,107,122,69,76,43,23,17,27,31,34,28,16,24,23,61,99,25,91,145,46,55,47,30,109,78,30,32,143,50,38,132,36,67,124,118,53,80,41,47,54,103,107,122,55,129,132,46,48,83,62,47
46,66,90,89,42,57,107,70,40,52,46,42,72,70,68,50,40,124,44,35,64,82,104,72,48,29,28,23,55,102,70,33,54,85,72,63,15,20,31,14,51,19,41,120,116,61,56,28,11,26,76,65,84,25,117,43,53,69,0,2,68,16,21,88,64,56,48,59,62,56,16,106,54,39,54,12,13,111,52,61,48,45,41,93,72,59,73,26,36,76,31,78,40,33,110,85,46,29,75,66,77,112,94,68,67,36,61,56,113,37,93,57,49,47,51,62,113,68,71,72,67,44,121,70
48,67,92,91,44,58,109,72,42,54,48,44,72,72,70,52,41,125,45,38,66,81,106,72,50,31,29,25,55,104,72,35,54,86,74,64,17,21,33,17,51,20,40,122,118,62,57,29,13,25,78,66,85,25,118,42,52,70,2,0,67,15,20,89,63,57,49,60,61,54,14,106,55,37,53,10,11,112,52,61,49,45,41,94,72,59,73,25,34,77,29,77,40,33,111,86,44,27,75,66,76,112,94,66,67,34,59,54,114,35,93,56,48,44,49,60,113,66,69,72,66,42,121,70
96,48,154,153,83,53,172,132,82,110,102,63,41,133,131,108,64,190,54,88,129,35,171,32,112,88,58,62,29,170,137,98,24,153,140,130,64,56,97,77,23,54,32,188,184,128,123,95,62,45,144,133,152,43,185,25,15,137,68,67,0,52,47,156,5,124,116,127,8,14,57,173,121,32,17,70,63,178,119,128,115,111,107,161,139,124,139,84,47,142,55,24,102,92,177,151,40,70,140,130,29,178,159,32,130,85,38,42,178,75,157,116,105,55,56,46,177,44,43,132,125,79,185,129
57,57,106,105,48,51,123,85,47,65,59,41,61,85,83,63,39,140,39,46,80,69,121,59,64,42,26,25,42,119,86,48,41,101,89,79,20,17,47,28,37,14,27,137,133,77,72,44,15,14,93,81,100,11,133,27,37,85,16,15,52,0,5,104,48,72,64,75,46,39,8,121,69,22,38,19,13,126,67,76,63,59,55,109,87,73,87,35,24,91,22,62,52,44,125,100,32,29,89,80,62,127,108,52,80,41,47,43,128,37,107,68,59,37,41,49,126,54,57,84,78,44,135,82
60,54,111,110,51,48,128,90,49,69,62,41,57,89,88,67,39,145,38,50,85,64,125,55,68,46,26,26,38,124,91,53,36,106,94,84,23,18,52,33,33,15,23,142,138,82,77,49,18,12,98,86,105,8,138,23,32,90,21,20,47,5,0,109,43,77,69,80,41,34,11,126,74,18,33,24,17,131,72,81,68,64,60,114,92,78,92,39,22,96,22,57,57,48,130,105,29,32,94,84,57,131,113,48,85,45,43,40,132,39,112,72,63,36,40,46,131,51,53,88,82,46,139,86
86,146,48,48,98,135,47,55,96,68,75,115,155,51,52,69,113,50,122,84,49,167,37,157,56,78,108,101,141,26,30,64,142,19,25,33,96,104,63,82,139,105,128,35,31,31,36,64,96,113,17,25,11,113,30,131,141,20,88,89,156,104,109,0,152,32,40,29,150,143,100,18,36,125,141,87,94,23,39,30,43,47,51,12,21,36,26,77,117,26,108,163,61,70,29,23,127,94,31,38,161,34,28,150,42,82,141,135,37,96,33,57,66,120,123,139,41,146,149,50,54,97,47,52
94,50,151,151,81,53,169,129,81,108,100,62,43,130,128,106,62,187,53,86,126,39,168,35,109,85,56,60,29,166,134,95,24,149,136,126,61,53,94,74,22,51,30,185,181,125,120,91,59,42,141,129,148,40,181,22,13,133,64,63,5,48,43,152,0,120,112,123,3,9,52,169,117,28,13,65,58,174,114,123,110,106,102,156,134,120,134,79,42,137,50,22,97,88,172,147,35,66,135,126,27,173,155,28,125,80,33,37,174,70,153,111,101,50,51,41,172,40,39,127,120,74,180,125
63,117,54,53,72,106,64,47,70,49,53,87,125,43,43,49,84,75,93,58,38,136,57,126,34,50,78,71,110,51,26,36,110,34,25,21,65,73,34,51,108,74,97,66,62,16,15,34,65,81,24,15,30,82,62,99,109,14,56,57,124,72,77,32,120,0,8,3,118,111,68,49,6,93,109,55,62,54,9,9,13,17,20,37,17,14,21,46,85,25,76,131,32,40,55,33,95,63,27,24,129,58,42,118,28,53,110,103,60,66,43,35,41,89,92,108,61,115,118,38,38,69,68,39
58,110,58,57,66,99,69,48,64,46,49,80,118,44,44,46,77,81,86,52,39,129,63,119,32,44,70,64,103,58,30,30,102,41,30,24,58,65,28,44,100,66,89,74,70,19,17,27,57,74,31,21,38,74,69,91,101,22,48,49,116,64,69,40,112,8,0,11,110,103,60,57,7,85,101,47,54,62,7,14,9,11,13,45,24,16,27,39,77,31,69,123,26,34,63,39,88,56,32,26,122,65,48,110,30,46,102,96,67,59,49,33,36,82,85,101,67,108,110,39,38,62,75,39
65,120,53,53,75,110,62,48,73,51,56,90,128,44,44,51,87,73,96,61,39,140,55,129,37,53,81,74,114,48,26,39,113,33,24,21,68,76,37,54,111,77,100,63,59,16,16,37,68,85,22,14,28,85,59,102,112,12,59,60,127,75,80,29,123,3,11,0,121,114,71,46,7,96,112,58,65,51,11,7,15,19,22,34,14,14,19,49,88,22,79,134,34,42,52,30,98,66,25,23,132,55,39,121,27,55,113,106,57,68,40,35,42,91,95,111,58,118,121,37,38,70,65,38
93,51,150,149,81,54,168,128,80,107,99,62,45,129,127,105,62,186,53,85,124,41,166,37,108,84,55,59,30,165,132,93,25,148,135,125,60,52,92,73,22,49,29,183,179,123,118,89,57,41,139,128,146,39,179,21,12,131,62,61,8,46,41,150,3,118,110,121,0,7,50,167,115,25,10,63,56,172,112,121,108,104,100,154,132,118,132,77,39,135,48,22,95,85,170,144,32,63,133,123,26,171,152,26,123,78,30,35,172,67,150,109,98,47,48,38,170,37,36,125,118,71,178,122
88,51,144,143,76,52,162,122,75,101,93,58,46,123,121,99,58,179,50,79,118,45,160,39,102,78,50,54,29,158,126,87,24,141,128,118,54,47,86,66,21,43,25,176,172,116,111,83,51,35,132,121,140,32,172,16,9,124,56,54,14,39,34,143,9,111,103,114,7,0,43,160,108,18,4,56,49,165,105,114,101,97,93,147,125,111,125,70,32,128,41,25,88,78,163,137,26,56,126,116,28,164,145,25,116,71,27,30,165,60,143,102,91,41,43,35,163,35,35,118,111,65,171,115
60,65,106,105,54,59,122,86,52,67,61,49,69,85,83,65,46,138,47,50,80,76,119,66,64,44,33,31,50,116,84,48,48,99,86,77,25,24,46,30,44,21,34,134,129,74,70,42,20,22,90,79,97,19,130,33,42,82,16,14,57,8,11,100,52,68,60,71,50,43,0,117,65,25,41,13,6,122,62,71,58,54,50,104,82,68,82,28,21,85,16,64,46,37,120,95,30,21,83,74,63,121,103,52,74,33,45,40,122,29,101,61,51,32,36,47,121,53,55,77,71,36,129,75
103,164,59,59,116,153,52,71,114,85,93,133,173,66,68,87,131,47,140,102,65,185,41,175,73,96,126,119,159,28,46,82,159,33,42,51,114,122,81,100,157,123,146,26,23,49,54,81,114,131,34,43,26,131,18,149,158,38,106,106,173,121,126,18,169,49,57,46,167,160,117,0,52,142,158,104,111,5,55,46,59,63,67,14,35,51,38,93,133,36,124,180,76,85,16,29,143,109,41,50,177,22,28,165,52,97,157,150,26,110,34,69,79,135,138,154,32,161,164,58,64,111,35,61
65,116,59,59,74,106,69,52,71,52,56,87,124,48,48,52,84,80,93,59,43,135,62,125,38,51,77,71,109,56,32,38,108,40,31,26,64,72,35,51,106,72,95,70,66,21,20,34,63,80,29,21,35,79,65,97,107,19,54,55,121,69,74,36,117,6,7,7,115,108,65,52,0,90,106,52,59,57,4,7,8,12,16,39,18,9,20,42,81,24,72,128,27,35,56,32,91,59,25,20,126,58,41,114,24,48,106,99,60,61,42,29,35,84,88,104,60,111,114,33,33,63,68,34
76,56,128,128,66,53,146,107,65,87,80,52,55,107,106,85,51,162,46,67,102,57,143,50,86,64,40,42,35,141,109,71,31,124,111,101,40,34,69,51,26,30,22,158,154,99,94,66,36,24,114,103,122,19,155,14,20,107,39,37,32,22,18,125,28,93,85,96,25,18,25,142,90,0,16,38,31,147,87,96,83,79,75,129,107,92,107,51,16,110,24,40,70,60,145,119,16,38,108,98,39,146,127,31,98,53,27,26,146,44,125,83,73,29,32,32,145,36,37,100,93,49,153,97
88,54,143,142,76,55,161,122,76,101,93,60,50,122,120,98,59,178,51,79,117,48,158,43,101,77,50,54,32,157,124,86,27,139,126,117,53,46,84,65,23,43,26,174,170,115,110,81,50,35,130,119,138,32,170,16,12,122,54,53,17,38,33,141,13,109,101,112,10,4,41,158,106,16,0,54,47,163,103,112,99,95,91,145,123,108,123,67,29,126,38,25,85,76,161,135,23,53,123,114,27,162,143,23,113,68,24,27,162,57,141,99,88,37,39,32,160,32,32,115,108,62,168,112
57,75,96,95,54,67,111,77,52,60,56,54,80,76,74,59,51,127,54,47,70,88,108,78,54,39,39,35,62,104,73,40,60,87,75,65,27,30,37,25,56,29,46,121,117,63,58,33,22,33,77,66,85,31,117,46,56,69,12,10,70,19,24,87,65,55,47,58,63,56,13,104,52,38,54,0,7,109,49,58,45,41,37,91,69,55,69,16,30,72,23,76,33,24,107,81,41,17,70,61,74,108,89,64,61,24,56,50,109,25,88,49,40,38,42,56,108,62,65,64,59,32,116,62
60,70,102,101,55,63,118,82,53,65,59,52,74,81,80,63,49,133,51,49,76,82,114,72,60,42,36,33,56,111,79,45,54,94,81,72,26,27,42,28,50,25,40,128,124,69,65,38,21,28,84,73,92,25,124,40,49,76,13,11,63,13,17,94,58,62,54,65,56,49,6,111,59,31,47,7,0,116,56,65,52,48,44,98,76,62,76,22,24,79,18,69,40,30,114,88,34,17,77,67,68,115,96,57,68,28,50,44,116,25,95,55,45,33,38,50,114,56,59,71,64,32,123,68
109,170,63,63,121,159,55,76,119,91,98,139,178,71,73,92,136,48,146,107,70,190,44,180,79,101,131,125,165,31,52,87,165,37,47,56,119,127,86,105,162,128,151,25,23,55,59,87,119,136,39,49,32,136,17,154,164,43,111,112,178,126,131,23,174,54,62,51,172,165,122,5,57,147,163,109,116,0,60,51,64,68,72,18,40,55,42,98,137,40,129,184,80,90,14,32,148,114,44,54,182,20,30,170,56,101,162,155,24,115,35,72,83,139,142,159,31,166,169,61,68,115,32,64
65,115,63,62,73,105,73,54,71,53,56,86,122,51,50,53,83,83,91,59,45,133,66,123,39,50,75,69,107,59,35,37,106,43,34,29,62,69,34,49,103,70,92,74,70,24,23,33,61,77,33,24,38,77,69,94,104,23,52,52,119,67,72,39,114,9,7,11,112,105,62,55,4,87,103,49,56,60,0,9,4,8,12,42,20,9,21,38,78,25,69,125,23,32,59,34,88,55,25,19,122,60,43,111,22,44,102,96,62,57,43,26,31,81,84,100,62,107,110,32,31,60,70,32
71,123,60,59,80,113,68,55,78,57,62,94,131,51,51,57,91,77,99,66,46,142,60,132,43,57,84,77,115,52,32,44,115,38,30,28,71,78,41,57,112,79,101,66,61,23,23,40,70,86,27,21,31,86,60,103,113,17,61,61,128,76,81,30,123,9,14,7,121,114,71,46,7,96,112,58,65,51,9,0,13,17,21,33,11,7,13,47,87,17,78,133,30,40,50,26,97,64,19,16,131,52,35,120,20,52,111,104,53,65,35,29,37,89,92,109,54,116,119,30,31,67,61,31
65,112,66,66,72,102,77,57,70,54,57,84,119,54,53,54,81,88,89,58,48,130,70,120,40,49,73,67,103,64,39,37,103,48,38,33,60,67,33,47,100,67,89,78,74,28,26,31,58,74,37,28,43,73,73,91,100,27,48,49,115,63,68,43,110,13,9,15,108,101,58,59,8,83,99,45,52,64,4,13,0,4,8,46,24,10,24,34,74,28,65,120,19,27,62,37,84,51,27,20,118,64,46,107,22,40,98,91,65,53,45,23,27,77,80,96,64,103,106,31,29,55,72,31
63,109,69,68,70,99,80,58,67,53,55,81,116,55,54,53,78,91,85,56,49,126,73,116,40,47,69,63,100,67,41,35,99,51,41,35,56,63,31,43,96,64,85,82,78,30,27,29,55,70,40,31,47,70,77,87,96,31,45,45,111,59,64,47,106,17,11,19,104,97,54,63,12,79,95,41,48,68,8,17,4,0,4,50,28,14,28,30,70,32,61,116,16,24,66,41,80,47,31,23,114,67,49,103,25,36,94,88,69,49,49,23,25,73,76,92,68,99,102,33,30,52,76,32
62,105,71,70,67,96,83,59,65,53,54,78,112,56,55,52,75,95,82,54,50,122,77,112,40,45,66,60,96,71,44,34,95,54,44,37,53,60,30,40,92,60,81,86,82,33,29,27,51,66,44,34,50,66,81,83,92,34,41,41,107,55,60,51,102,20,13,22,100,93,50,67,16,75,91,37,44,72,12,21,8,4,0,54,32,18,32,26,66,35,57,112,13,20,70,45,76,43,34,26,110,71,53,99,28,33,90,84,72,46,52,23,24,69,72,88,72,95,98,35,31,49,80,34
95,154,59,59,107,143,57,67,105,79,85,123,162,62,64,79,121,57,130,93,60,174,47,164,65,86,115,109,148,34,41,72,148,31,37,43,102,110,70,89,145,111,134,38,35,41,45,71,102,119,28,35,22,119,31,136,146,28,93,94,161,109,114,12,156,37,45,34,154,147,104,14,39,129,145,91,98,18,42,33,46,50,54,0,22,37,24,79,119,22,110,166,62,72,19,16,129,96,27,36,164,23,17,152,38,83,143,136,26,96,23,55,65,121,124,140,30,147,150,45,50,97,35,48
79,134,59,59,89,123,64,58,87,64,70,104,142,54,55,65,101,70,110,75,50,153,55,143,50,67,94,88,127,45,33,53,126,33,30,31,82,89,51,68,123,90,112,56,52,27,29,51,81,97,24,23,25,97,50,114,124,16,72,72,139,87,92,21,134,17,24,14,132,125,82,35,18,107,123,69,76,40,20,11,24,28,32,22,0,16,7,57,97,9,88,144,40,50,39,16,108,74,14,18,142,41,25,130,22,62,121,115,43,75,27,36,45,99,102,119,43,126,129,31,34,76,51,33
74,122,67,66,82,113,75,61,79,61,65,94,130,57,57,61,91,84,99,68,52,140,67,130,47,59,83,77,114,59,39,46,113,45,38,35,70,77,43,57,110,77,99,72,68,29,29,41,68,84,34,28,38,84,66,100,110,24,59,59,124,73,78,36,120,14,16,14,118,111,68,51,9,92,108,55,62,55,9,7,10,14,18,37,16,0,14,42,82,18,73,129,25,35,52,27,92,59,17,11,126,54,35,115,14,46,106,99,55,59,35,22,30,84,87,103,54,110,113,24,25,61,62,25
84,136,66,66,93,126,71,65,91,70,75,107,144,61,61,70,104,76,113,79,57,154,61,144,56,71,97,90,128,51,40,57,127,40,37,38,84,91,55,70,124,92,113,61,57,33,35,54,82,98,31,29,32,98,54,115,124,23,73,73,139,87,92,26,134,21,27,19,132,125,82,38,20,107,123,69,76,42,21,13,24,28,32,24,7,14,0,56,96,4,87,143,38,48,38,13,106,72,7,12,140,39,21,128,16,59,120,113,40,72,22,31,41,97,100,117,40,124,127,24,28,73,48,27
66,91,93,93,66,83,107,78,64,65,62,69,96,76,74,63,66,120,70,56,70,104,102,94,56,47,54,50,78,97,68,43,76,80,69,61,42,46,39,35,72,45,62,112,108,57,53,35,38,49,70,60,76,47,107,61,70,61,26,25,84,35,39,77,79,46,39,49,77,70,28,93,42,51,67,16,22,98,38,47,34,30,26,79,57,42,56,0,40,59,31,87,18,9,94,68,50,17,56,47,84,95,76,73,46,11,64,57,95,21,74,33,23,43,46,62,93,69,72,49,43,25,101,47
80,71,126,125,72,67,142,106,71,88,82,63,71,105,104,86,61,157,58,70,100,74,138,66,84,64,48,48,51,134,103,69,47,117,105,96,43,40,66,50,43,37,37,151,147,93,88,62,39,33,108,97,115,28,146,31,36,99,36,34,47,24,22,117,42,85,77,88,39,32,21,133,81,16,29,30,24,137,78,87,74,70,66,119,97,82,96,40,0,99,9,47,58,48,134,108,10,25,96,86,45,134,115,33,86,39,25,20,135,28,113,70,60,14,18,26,132,32,35,86,80,33,141,84
87,140,67,67,97,130,71,68,95,73,78,111,147,63,64,73,108,75,116,83,59,158,62,148,59,74,100,94,131,51,42,61,131,41,39,41,87,94,58,74,127,95,117,59,56,36,38,57,86,102,32,32,32,101,52,118,128,25,76,77,142,91,96,26,137,25,31,22,135,128,85,36,24,110,126,72,79,40,25,17,28,32,35,22,9,18,4,59,99,0,90,146,41,51,35,9,109,75,6,14,143,36,18,131,17,62,122,116,37,75,18,33,43,100,102,119,37,126,129,24,29,75,45,27
76,75,119,118,70,70,134,100,68,82,77,63,76,99,97,80,61,149,60,66,93,81,130,72,77,60,48,47,57,126,96,62,53,109,97,88,41,39,60,45,49,36,42,142,138,85,81,56,36,35,99,89,106,30,138,37,44,91,31,29,55,22,22,108,50,76,69,79,48,41,16,124,72,24,38,23,18,129,69,78,65,61,57,110,88,73,87,31,9,90,0,56,49,39,125,99,19,16,87,77,53,125,106,42,77,30,34,27,126,20,104,61,51,16,20,33,123,39,42,77,71,25,132,75
114,72,168,167,101,76,185,147,101,126,118,84,64,147,145,124,83,202,75,105,142,57,182,56,125,102,75,79,51,180,148,110,47,163,150,141,78,72,109,90,44,68,50,197,193,138,133,106,75,60,153,142,161,57,193,41,33,145,78,77,24,62,57,163,22,131,123,134,22,25,64,180,128,40,25,76,69,184,125,133,120,116,112,166,144,129,143,87,47,146,56,0,105,95,181,155,37,71,143,133,7,181,162,17,132,85,26,33,181,73,160,117,106,49,48,33,179,28,25,132,125,75,187,130
70,106,84,83,74,98,95,72,72,64,64,81,112,69,68,63,78,107,84,62,63,121,89,111,52,52,68,62,95,82,57,43,93,66,57,50,54,60,39,44,89,60,79,96,92,45,42,35,52,65,56,47,61,64,90,79,88,46,40,40,102,52,57,61,97,32,26,34,95,88,46,76,27,70,85,33,40,80,23,30,19,16,13,62,40,25,38,18,58,41,49,105,0,10,76,50,68,34,38,28,102,76,57,90,28,22,81,75,77,35,55,16,12,59,62,79,75,86,89,32,26,37,83,30
69,99,90,89,71,91,103,76,68,66,64,75,104,74,73,64,73,115,77,60,68,112,97,103,55,50,61,56,86,91,64,44,84,75,64,57,48,53,40,40,81,52,70,105,101,52,49,35,45,57,64,54,70,55,100,70,79,55,33,33,92,44,48,70,88,40,34,42,85,78,37,85,35,60,76,24,30,90,32,40,27,24,20,72,50,35,48,9,48,51,39,95,10,0,86,60,58,24,48,38,92,86,67,80,38,13,72,65,87,25,65,24,16,49,52,69,85,76,79,40,34,28,93,38
114,172,74,74,126,161,68,84,124,97,104,142,180,80,81,98,139,62,148,112,78,191,57,181,84,104,133,126,165,44,59,90,165,47,55,62,120,128,89,106,162,129,151,39,37,59,63,89,120,136,46,53,39,136,31,153,162,47,110,111,177,125,130,29,172,55,63,52,170,163,120,16,56,145,161,107,114,14,59,50,62,66,70,19,39,52,38,94,134,35,125,181,76,86,0,26,144,110,38,48,178,6,20,166,49,96,157,150,10,109,25,66,77,134,137,154,16,161,164,53,59,109,19,56
95,149,69,69,105,138,70,72,103,80,85,119,156,68,68,80,117,72,125,91,64,167,60,157,66,83,109,103,140,48,46,69,140,41,42,46,96,103,66,83,137,104,126,54,50,42,44,66,95,111,34,37,32,110,46,127,137,30,85,86,151,100,105,23,147,33,39,30,144,137,95,29,32,119,135,81,88,32,34,26,37,41,45,16,16,27,13,68,108,9,99,155,50,60,26,0,118,84,12,22,152,27,9,140,24,70,131,124,28,84,12,41,51,109,111,128,28,135,138,29,35,84,36,32
88,71,136,135,79,69,152,116,78,97,91,67,69,115,114,95,66,168,62,78,110,70,148,64,94,74,54,55,50,145,114,78,46,128,116,106,51,47,76,60,41,43,38,161,157,103,99,73,47,38,118,107,125,33,157,30,32,109,46,44,40,32,29,127,35,95,88,98,32,26,30,143,91,16,23,41,34,148,88,97,84,80,76,129,108,92,106,50,10,109,19,37,68,58,144,118,0,34,106,96,34,144,125,23,95,49,15,11,144,36,122,80,69,15,17,17,142,23,25,96,89,40,150,93
75,86,109,108,71,80,124,92,69,77,73,69,89,91,89,75,66,137,68,64,85,94,119,86,70,56,54,50,69,114,85,55,67,97,86,77,43,44,52,42,62,42,54,129,125,74,69,48,38,43,87,76,93,40,124,51,58,78,29,27,70,29,32,94,66,63,56,66,63,56,21,109,59,38,53,17,17,114,55,64,51,47,43,96,74,59,72,17,25,75,16,71,34,24,110,84,34,0,72,62,68,110,91,56,61,15,47,41,110,8,88,46,35,26,29,45,108,52,55,62,55,15,116,59
90,140,73,73,98,130,77,72,96,76,80,111,147,68,68,76,108,81,116,84,63,157,68,147,62,76,100,94,130,57,47,62,129,46,44,45,87,94,59,74,126,94,116,65,61,40,41,58,85,101,38,36,38,100,58,116,126,30,75,75,140,89,94,31,135,27,32,25,133,126,83,41,25,108,123,70,77,44,25,19,27,31,34,27,14,17,7,56,96,6,87,143,38,48,38,12,106,72,0,10,140,38,19,128,12,58,119,112,39,71,18,28,39,96,99,116,37,123,126,18,24,71,46,21
84,131,75,75,92,122,81,71,90,72,76,103,138,67,67,72,101,88,108,78,62,148,73,138,58,69,92,86,121,63,48,56,120,51,46,44,78,85,53,66,117,85,106,73,69,39,39,51,77,92,41,36,43,91,66,107,116,32,66,66,130,80,84,38,126,24,26,23,123,116,74,50,20,98,114,61,67,54,19,16,20,23,26,36,18,11,12,47,86,14,77,133,28,38,48,22,96,62,10,0,130,48,29,118,4,48,109,102,49,61,27,19,29,86,89,106,47,113,116,14,17,62,55,16
115,77,168,167,103,80,185,147,103,126,119,86,70,147,145,124,86,201,78,106,142,63,182,61,125,103,77,80,56,179,147,110,51,161,149,139,79,73,108,90,48,69,53,195,191,137,132,105,75,62,152,141,159,58,191,43,37,143,77,76,29,62,57,161,27,129,122,132,26,28,63,177,126,39,27,74,68,182,122,131,118,114,110,164,142,126,140,84,45,143,53,7,102,92,178,152,34,68,140,130,0,178,159,12,129,82,21,28,178,69,156,113,102,45,43,27,175,22,19,129,122,71,184,126
118,174,80,80,129,164,74,89,127,101,108,145,182,85,86,102,142,68,151,115,83,193,63,183,88,107,135,129,167,50,63,93,166,52,59,66,122,130,91,109,163,131,152,45,43,63,67,91,121,138,51,57,44,137,36,154,164,50,112,112,178,127,131,34,173,58,65,55,171,164,121,22,58,146,162,108,115,20,60,52,64,67,71,23,41,54,39,95,134,36,125,181,76,86,6,27,144,110,38,48,178,0,19,166,49,96,157,150,4,109,23,65,76,134,136,153,10,160,163,51,58,109,13,54
104,158,75,76,114,147,75,80,112,89,94,128,165,76,77,89,126,74,134,100,72,175,64,165,75,92,118,112,149,52,54,78,148,47,50,54,105,112,76,92,145,113,134,54,50,50,53,75,104,120,42,45,38,119,45,136,145,38,94,94,159,108,113,28,155,42,48,39,152,145,103,28,41,127,143,89,96,30,43,35,46,49,53,17,25,35,21,76,115,18,106,162,57,67,20,9,125,91,19,29,159,19,0,147,30,77,138,131,19,90,6,46,57,115,117,134,19,141,144,33,40,90,27,36
107,77,158,157,97,78,174,138,96,118,111,81,71,137,135,116,81,190,74,98,132,67,171,63,116,94,71,73,55,168,136,100,49,151,138,129,71,65,98,81,46,62,48,184,180,126,121,95,67,55,141,130,148,50,179,38,35,132,68,66,32,52,48,150,28,118,110,121,26,25,52,165,114,31,23,64,57,170,111,120,107,103,99,152,130,115,128,73,33,131,42,17,90,80,166,140,23,56,128,118,12,166,147,0,117,70,9,16,166,57,144,101,90,32,31,16,163,12,10,117,110,59,171,114
87,133,79,79,94,123,85,75,92,76,79,105,139,71,71,75,103,91,110,81,66,148,77,139,61,72,93,87,122,67,52,59,121,55,50,48,80,87,56,68,117,87,107,76,72,43,43,54,78,93,45,41,47,91,69,107,116,36,67,67,130,80,85,42,125,28,30,27,123,116,74,52,24,98,113,61,68,56,22,20,22,25,28,38,22,14,16,46,86,17,77,132,28,38,49,24,95,61,12,4,129,49,30,117,0,47,108,101,49,60,27,16,27,85,87,104,47,111,114,10,13,60,55,12
77,98,103,102,77,91,116,88,74,76,74,78,102,86,85,74,75,128,78,67,80,108,110,99,66,58,63,59,83,103,76,54,80,87,77,69,51,54,50,46,76,52,67,118,113,65,62,46,47,55,77,67,83,52,112,65,73,67,36,34,85,41,45,82,80,53,46,55,78,71,33,97,48,53,68,24,28,101,44,52,40,36,33,83,62,46,59,11,39,62,30,85,22,13,96,70,49,15,58,48,82,96,77,70,47,0,61,54,96,13,74,31,20,38,41,58,93,65,68,47,40,16,102,44
103,78,151,150,93,78,167,131,92,112,105,79,74,131,129,110,78,183,72,93,125,72,163,67,109,89,67,69,56,160,129,94,51,143,131,121,66,61,92,75,47,57,47,176,172,118,114,88,62,51,133,122,140,46,171,38,36,124,61,59,38,47,43,141,33,110,102,113,30,27,45,157,106,27,24,56,50,162,102,111,98,94,90,143,121,106,120,64,25,122,34,26,81,72,157,131,15,47,119,109,21,157,138,9,108,61,0,7,157,48,135,92,81,23,22,8,154,9,10,107,100,50,162,104
99,79,146,145,90,78,162,126,89,108,101,78,76,125,124,105,77,176,72,89,120,75,157,70,104,84,65,66,58,153,123,89,53,136,124,115,62,58,86,70,49,54,47,169,165,112,108,82,58,49,127,116,133,44,164,38,38,118,56,54,42,43,40,135,37,103,96,106,35,30,40,150,99,26,27,50,44,155,96,104,91,88,84,136,115,99,113,57,20,116,27,33,75,65,150,124,11,41,112,102,28,150,131,16,101,54,7,0,150,41,128,85,74,16,15,7,147,12,15,100,93,43,155,97
120,176,83,84,131,166,78,93,129,104,110,147,184,88,89,105,144,72,153,117,86,195,67,185,91,110,137,131,168,54,67,96,168,56,62,69,124,131,93,110,164,132,154,49,47,66,69,93,123,139,54,60,48,138,40,155,164,53,113,114,178,128,132,37,174,60,67,57,172,165,122,26,60,146,162,109,116,24,62,53,65,69,72,26,43,55,40,95,135,37,126,181,77,87,10,28,144,110,39,49,178,4,19,166,49,96,157,150,0,109,22,65,76,134,136,153,7,160,163,50,57,108,9,54
82,93,114,113,79,87,128,98,77,84,80,77,95,96,95,82,75,140,76,72,90,100,122,92,75,64,62,59,76,116,88,62,73,100,89,81,51,52,58,50,69,50,61,131,127,77,73,54,46,51,90,80,96,47,125,57,64,80,37,35,75,37,39,96,70,66,59,68,67,60,29,110,61,44,57,25,25,115,57,65,53,49,46,96,75,59,72,21,28,75,20,73,35,25,109,84,36,8,71,61,69,109,90,57,60,13,48,41,109,0,87,44,33,25,27,44,106,51,54,59,52,7,114,57
106,157,80,80,115,148,80,84,113,91,96,129,165,79,80,91,126,80,134,101,76,175,70,165,77,93,118,112,148,57,58,79,147,52,54,57,105,112,76,92,144,112,133,59,56,53,56,75,103,119,46,48,43,118,51,134,143,41,93,93,157,107,112,33,153,43,49,40,150,143,101,34,42,125,141,88,95,35,43,35,45,49,52,23,27,35,22,74,113,18,104,160,55,65,25,12,122,88,18,27,156,23,6,144,27,74,135,128,22,87,0,43,54,112,114,131,20,138,141,29,36,86,28,32
85,123,89,88,89,114,97,80,87,76,78,97,128,77,76,76,95,105,100,77,71,136,89,127,63,67,84,79,110,81,61,57,108,67,60,55,71,76,53,60,105,76,95,92,88,50,49,50,68,81,56,50,60,79,85,94,103,47,57,56,116,68,72,57,111,35,33,35,109,102,61,69,29,83,99,49,55,72,26,29,23,23,23,55,36,22,31,33,70,33,61,117,16,24,66,41,80,46,28,19,113,65,46,101,16,31,92,85,65,44,43,0,11,69,71,88,62,95,98,16,10,43,70,14
82,115,94,93,85,106,104,83,83,76,76,91,119,80,79,75,88,114,93,73,74,127,97,118,64,64,77,72,101,89,66,55,99,74,66,60,64,69,51,55,95,68,85,101,97,55,53,47,60,72,64,56,68,70,95,84,93,54,49,48,105,59,63,66,101,41,36,42,98,91,51,79,35,73,88,40,45,83,31,37,27,25,24,65,45,30,41,23,60,43,51,106,12,16,77,51,69,35,39,29,102,76,57,90,27,20,81,74,76,33,54,11,0,58,60,77,73,84,87,27,20,33,81,24
92,84,134,133,85,81,149,115,84,98,93,76,83,114,113,96,75,163,72,81,109,85,144,78,93,75,62,61,64,139,110,78,60,123,111,102,56,54,75,61,55,50,50,155,151,99,95,71,51,47,112,102,119,42,149,43,47,103,47,44,55,37,36,120,50,89,82,91,47,41,32,135,84,29,37,38,33,139,81,89,77,73,69,121,99,84,97,43,14,100,16,49,59,49,134,109,15,26,96,86,45,134,115,32,85,38,23,16,134,25,112,69,58,0,4,19,131,26,29,84,77,27,139,81
97,88,138,137,90,85,153,120,88,102,97,81,86,118,117,100,79,166,76,86,113,87,148,80,97,80,66,66,67,143,114,82,62,126,115,106,61,58,79,65,58,55,54,158,154,103,98,75,56,51,116,106,122,46,152,46,49,107,51,49,56,41,40,123,51,92,85,95,48,43,36,138,88,32,39,42,38,142,84,92,80,76,72,124,102,87,100,46,18,102,20,48,62,52,137,111,17,29,99,89,43,136,117,31,87,41,22,15,136,27,114,71,60,4,0,17,133,24,27,86,79,28,141,83
106,85,151,151,97,84,167,132,96,114,108,84,81,131,130,112,83,182,78,95,126,79,163,74,110,91,72,73,63,158,128,95,58,142,130,121,69,64,92,76,54,61,53,174,170,118,113,88,64,56,131,121,138,51,169,44,44,122,62,60,46,49,46,139,41,108,101,111,38,35,47,154,104,32,32,56,50,159,100,109,96,92,88,140,119,103,117,62,26,119,33,33,79,69,154,128,17,45,116,106,27,153,134,16,104,58,8,7,153,44,131,88,77,19,17,0,150,7,10,103,96,45,158,100
122,176,88,89,133,166,84,96,131,106,112,147,184,92,93,107,145,78,153,119,89,194,73,184,93,111,137,131,168,60,70,97,167,60,66,71,124,131,94,111,164,132,153,55,53,68,71,94,123,138,57,63,52,137,47,154,163,55,113,113,177,126,131,41,172,61,67,58,170,163,121,32,60,145,160,108,114,31,62,54,64,68,72,30,43,54,40,93,132,37,123,179,75,85,16,28,142,108,37,47,175,10,19,163,47,93,154,147,7,106,20,62,73,131,133,150,0,157,160,47,54,105,8,50
111,86,158,157,101,86,174,138,100,120,113,88,81,138,136,117,87,188,81,101,132,78,170,74,116,96,76,77,64,165,135,101,59,148,136,127,74,69,98,82,55,65,56,181,177,124,120,95,69,60,138,128,145,55,176,46,44,129,68,66,44,54,51,146,40,115,108,118,37,35,53,161,111,36,32,62,56,166,107,116,103,99,95,147,126,110,124,69,32,126,39,28,86,76,161,135,23,52,123,113,22,160,141,12,111,65,9,12,160,51,138,95,84,26,24,7,157,0,3,110,103,52,165,107
113,86,160,160,103,87,176,141,102,122,115,89,81,140,138,120,88,191,82,103,135,77,172,74,118,98,77,79,64,168,138,103,59,151,139,130,76,71,101,84,55,67,57,184,180,127,123,97,71,61,141,131,148,56,179,47,44,132,71,69,43,57,53,149,39,118,110,121,36,35,55,164,114,37,32,65,59,169,110,119,106,102,98,150,129,113,127,72,35,129,42,25,89,79,164,138,25,55,126,116,19,163,144,10,114,68,10,15,163,54,141,98,87,29,27,10,160,3,0,113,106,55,168,110
96,138,89,89,102,129,95,85,100,85,88,112,144,81,81,84,109,100,115,89,76,152,86,143,71,79,99,93,126,75,62,68,124,64,60,58,86,92,64,74,121,91,111,83,79,53,53,61,83,97,54,51,56,95,76,110,119,46,72,72,132,84,88,50,127,38,39,37,125,118,77,58,33,100,115,64,71,61,32,30,31,33,35,45,31,24,24,49,86,24,77,132,32,40,53,29,96,62,18,14,129,51,33,117,10,47,107,100,50,59,29,16,27,84,86,103,47,110,113,0,7,58,55,3
93,133,91,91,98,124,98,85,96,83,85,107,138,81,81,83,104,104,110,85,76,146,89,137,70,76,94,88,120,80,64,65,118,67,62,59,81,86,61,70,115,86,105,88,85,54,53,58,78,91,57,52,60,89,81,104,112,48,67,66,125,78,82,54,120,38,38,38,118,111,71,64,33,93,108,59,64,68,31,31,29,30,31,50,34,25,28,43,80,29,71,125,26,34,59,35,89,55,24,17,122,58,40,110,13,40,100,93,57,52,36,10,20,77,79,96,54,103,106,7,0,51,62,4
89,100,118,117,86,94,131,103,84,90,86,84,102,101,100,88,82,143,83,78,95,106,125,98,81,70,69,66,82,119,92,68,79,103,92,85,58,59,64,57,74,57,67,133,128,81,77,59,53,58,92,83,98,54,127,62,69,83,44,42,79,44,46,97,74,69,62,70,71,65,36,111,63,49,62,32,32,115,60,67,55,52,49,97,76,61,73,25,33,75,25,75,37,28,109,84,40,15,71,62,71,109,90,59,60,16,50,43,108,7,86,43,33,27,28,45,105,52,55,58,51,0,113,55
129,184,93,93,140,174,87,102,138,113,120,155,192,98,99,114,152,79,161,126,95,202,76,192,100,118,145,139,176,63,76,104,175,65,72,78,132,139,102,119,172,140,161,56,54,75,79,102,131,146,63,69,57,145,47,162,171,62,121,121,185,135,139,47,180,68,75,65,178,171,129,35,68,153,168,116,123,32,70,61,72,76,80,35,51,62,48,101,141,45,132,187,83,93,19,36,150,116,46,55,184,13,27,171,55,102,162,155,9,114,28,70,81,139,141,158,8,165,168,55,62,113,0,58
95,136,91,91,101,127,97,86,99,85,88,111,142,82,82,85,108,102,114,88,77,150,88,141,71,79,98,92,124,78,64,67,122,66,61,59,84,90,64,73,119,90,109,86,82,54,54,61,81,95,56,52,58,93,79,108,116,47,70,70,129,82,86,52,125,39,39,38,122,115,75,61,34,97,112,62,68,64,32,31,31,32,34,48,33,25,27,47,84,27,75,130,30,38,56,32,93,59,21,16,126,54,36,114,12,44,104,97,54,57,32,14,24,81,83,100,50,107,110,3,4,55,58,0
