0,0,0,0,0,0,0,0,0,0,0,0,0,0,0,0,0,0,0,0,0,0,0,0,0,0,0,0,0,0,0,0,0,0,0,0,0,0,0,0,0,0,0,0,0,0,0,0,0,0,0,0,0,0,0,0,0,0,0,0,0,0,0,0,0,0,0,0,0,0,0,0,0,0,0,0,0,0,0,0,0,0,0,0,0,0,0,0,0,0,0,0,0,0,0,0,0,0,0,0,0,0,0,0,0,0,0,0,0,0,0,0
,944,841,635,925,858,675,711,864,931,897,987,905,721,924,747,808,647,825,951,996,910,854,994,821,783,887,790,846,685,980,959,836,859,868,849,842,689,897,829,809,962,934,817,814,929,654,845,690,635,927,857,627,710,904,985,967,732,928,813,994,831,970,808,669,838,957,907,860,888,818,695,659,996,678,766,829,719,926,772,788,920,823,980,950,884,726,673,737,660,727,750,944,675,651,694,728,788,983,765,862,662,727,969,894,924,783,677,769,709,856,835
,773,671,864,870,915,983,672,812,738,948,836,658,779,840,625,787,809,975,894,959,745,997,965,931,666,809,836,848,918,824,941,892,899,805,703,959,840,862,732,912,772,703,784,797,710,745,991,726,958,956,814,787,947,761,921,728,712,676,978,856,956,691,890,627,861,654,914,805,633,769,972,627,897,802,972,843,976,872,858,814,638,831,914,794,941,847,890,995,893,692,959,799,706,836,688,847,954,886,894,824,624,726,977,718,971,691,677,712,667,642,919
,947,744,859,734,958,974,733,769,864,770,940,643,717,812,755,893,749,940,748,728,940,854,789,932,992,963,647,836,950,773,718,660,949,643,855,878,882,726,794,986,808,993,674,924,864,825,835,880,793,994,731,851,634,713,801,823,971,975,850,722,659,625,710,818,898,841,790,627,980,762,939,681,636,748,651,761,788,683,734,903,877,864,716,847,832,639,688,954,937,775,729,789,950,890,892,888,833,709,742,678,915,976,715,695,764,928,716,633,631,867,699
,632,795,807,896,829,708,770,783,699,787,970,646,921,735,720,808,882,988,764,656,949,633,923,968,758,638,934,831,956,995,780,711,922,940,764,863,704,809,673,970,785,680,783,813,713,880,758,769,824,744,936,674,632,661,833,887,868,939,668,798,961,909,741,715,836,717,873,717,986,655,963,758,746,732,702,678,855,634,763,975,898,754,751,769,782,927,690,737,882,975,864,886,929,799,822,718,709,656,802,733,688,953,896,997,958,689,656,980,648,912,945
,941,811,869,722,935,726,789,946,718,776,918,745,778,981,914,951,927,879,758,788,891,808,899,878,852,660,798,814,978,781,980,944,821,659,746,957,714,943,643,909,738,960,854,662,872,907,651,700,651,651,953,897,741,755,694,759,737,893,808,832,665,809,812,895,855,648,955,777,752,733,761,781,828,808,641,870,658,912,785,761,958,691,884,803,838,932,764,776,633,764,750,945,759,980,721,924,966,824,865,940,941,800,674,873,984,934,665,749,760,909,959
,844,817,853,760,919,705,926,736,676,720,703,774,709,983,985,929,683,938,737,681,721,680,900,855,738,913,652,983,673,809,652,826,878,808,643,625,798,758,980,655,916,983,750,668,688,959,913,859,872,819,688,853,788,924,868,811,729,692,716,781,645,761,773,941,759,896,872,819,682,750,841,633,849,698,986,706,666,925,850,863,863,688,711,984,989,774,844,731,682,840,930,677,800,712,890,984,975,921,979,683,890,643,992,658,961,960,736,881,699,789,731
,736,974,624,650,848,961,817,673,927,915,713,656,837,680,761,854,786,734,713,631,782,799,761,695,681,629,767,738,657,904,936,965,690,686,815,735,627,910,631,759,780,913,909,950,785,634,993,992,957,854,971,649,878,915,896,966,763,855,932,662,939,829,700,898,706,935,845,756,969,883,628,906,884,959,837,803,961,901,756,877,646,678,932,669,763,811,765,896,755,926,634,669,755,763,928,793,923,711,692,789,993,764,909,954,727,796,690,890,902,779,997
,831,711,953,825,981,658,684,744,988,882,944,681,667,624,900,966,964,759,900,957,857,955,906,806,848,848,749,740,744,798,734,829,926,764,981,905,983,734,641,752,717,995,681,836,766,819,942,821,994,961,921,709,916,685,725,815,734,824,818,869,700,800,756,640,839,872,974,675,834,859,768,752,791,863,867,980,803,707,922,829,996,734,662,745,877,767,784,840,962,916,929,718,914,936,718,677,936,777,766,832,817,779,750,768,829,888,688,773,676,899,631
,878,890,735,929,855,881,682,990,631,814,684,948,772,907,817,911,897,931,867,842,707,914,961,867,651,652,629,627,954,853,907,775,988,690,719,810,869,931,839,718,948,954,923,841,731,954,936,863,689,737,756,681,845,919,890,738,983,957,911,973,754,761,860,902,639,952,685,879,889,950,849,977,808,875,684,801,874,981,665,882,918,951,674,866,636,652,907,894,991,847,995,696,870,661,784,813,889,629,686,830,799,636,866,737,750,835,853,813,856,711,832
,811,828,923,895,988,695,672,849,967,839,768,697,774,869,923,950,721,962,681,863,929,815,952,709,657,923,989,691,871,814,654,826,758,778,958,639,756,805,834,846,840,854,806,796,971,837,914,967,877,974,695,942,734,837,861,874,920,888,993,969,854,877,944,730,891,674,737,966,923,780,678,986,821,881,726,639,706,741,799,726,901,973,863,956,826,938,780,974,896,743,955,653,683,817,900,675,762,967,834,963,743,985,938,640,935,716,736,960,805,642,930
,782,761,817,947,646,723,629,978,791,631,811,920,943,700,801,932,971,693,836,776,668,689,739,892,631,707,766,979,865,997,939,727,986,730,976,697,955,816,890,994,699,784,740,667,878,780,738,903,956,781,671,734,783,638,670,825,958,880,904,994,624,671,712,803,826,890,742,850,844,782,980,854,759,901,705,949,680,949,708,945,642,701,719,671,953,627,860,756,669,892,776,896,954,684,643,708,973,794,989,870,750,852,814,677,744,863,744,966,836,911,728
,779,830,967,800,975,735,885,933,763,650,755,817,665,931,828,758,990,854,694,895,796,643,910,890,822,656,696,725,918,890,913,883,785,794,698,905,725,977,651,994,898,784,649,934,725,869,893,697,764,740,668,994,867,799,727,796,740,868,663,692,966,778,791,737,911,742,742,884,645,629,694,972,972,710,784,996,833,729,973,776,632,919,882,668,925,707,730,874,681,709,869,716,748,922,636,951,981,649,726,678,965,624,808,962,883,705,722,937,710,826,659
,789,809,913,987,939,666,983,754,690,969,865,645,917,772,848,879,640,701,975,903,657,915,746,867,872,692,772,685,983,762,932,822,751,955,728,941,792,698,844,897,794,700,866,861,653,985,744,846,883,809,826,691,873,933,911,952,666,723,995,878,783,750,714,655,815,715,994,876,854,745,670,649,919,765,882,818,782,707,715,692,768,974,903,957,871,827,963,966,826,661,935,680,940,857,792,909,760,647,844,838,821,751,957,890,875,853,965,970,837,840,666
,828,648,714,816,884,710,783,913,624,833,662,839,880,848,790,705,924,732,803,639,691,832,742,703,731,943,797,943,872,642,919,826,860,800,709,811,983,650,707,803,878,658,838,916,704,796,870,993,962,996,703,777,717,930,711,828,705,655,873,897,831,637,993,777,635,725,863,954,731,693,989,769,713,916,889,816,890,690,655,729,905,887,994,750,653,690,679,850,859,876,781,850,815,768,852,828,791,864,800,785,954,871,748,929,814,794,848,873,880,829,701
,811,827,806,913,631,956,899,950,916,866,995,731,807,967,698,941,684,813,665,678,997,678,708,804,759,800,671,828,783,803,893,960,646,666,628,641,706,676,815,954,876,698,912,878,862,780,632,974,752,969,782,996,853,950,719,992,846,695,867,699,901,803,730,954,776,757,639,713,729,772,860,945,658,640,941,889,695,877,663,843,858,687,852,727,660,853,920,802,695,625,882,870,820,812,804,796,901,718,667,689,879,693,841,661,973,747,825,974,737,729,900
,949,934,872,888,703,684,845,955,843,721,961,908,629,758,851,897,803,675,828,982,938,865,854,807,979,947,758,967,803,836,994,927,699,669,975,822,730,845,762,872,986,943,786,887,980,911,770,913,958,710,815,968,772,755,628,848,775,652,772,926,687,922,944,847,967,807,765,776,773,845,703,648,629,848,770,627,950,755,851,708,745,765,696,647,956,935,880,875,910,982,719,688,942,971,776,751,742,833,786,794,938,952,824,938,707,989,645,805,857,799,754
,930,922,816,909,903,970,925,826,638,986,624,990,632,936,804,662,953,882,966,630,929,861,969,929,666,801,809,966,660,716,831,763,929,660,947,759,744,629,731,638,644,655,751,771,983,628,753,823,931,963,693,992,910,974,994,727,662,875,784,729,711,737,635,652,971,912,772,746,895,869,792,997,863,798,661,874,725,922,708,988,663,954,705,939,837,873,753,946,862,655,876,651,844,746,915,935,947,885,655,709,669,893,648,975,979,863,760,716,744,665,754
,675,870,898,764,952,859,774,857,750,645,641,852,645,981,725,695,884,755,733,890,814,920,821,849,923,984,814,880,728,746,965,659,718,673,705,992,749,938,902,887,833,729,942,705,991,745,666,876,919,757,690,834,827,626,807,654,806,861,787,863,980,681,629,688,700,682,639,651,866,719,973,625,906,681,703,651,877,637,956,870,700,960,737,781,637,708,924,684,830,804,778,781,841,786,945,749,947,929,799,833,671,747,805,758,845,751,852,879,984,751,983
,707,912,911,813,761,904,936,852,802,836,647,949,782,788,957,816,870,749,682,750,930,858,669,661,842,635,881,972,827,884,973,931,779,923,848,770,794,677,712,863,985,993,910,752,709,959,815,925,737,859,665,982,775,930,847,667,862,737,697,995,659,749,683,800,901,989,632,976,821,986,851,698,930,923,829,814,987,902,963,717,664,632,934,879,866,932,653,697,668,827,770,865,832,961,625,818,788,997,939,753,983,808,768,958,800,672,809,751,714,645,788
,794,633,853,871,744,715,824,940,857,896,730,954,746,913,788,990,825,650,869,748,991,788,875,747,631,856,872,834,950,852,839,904,696,864,962,885,804,970,893,933,760,967,974,923,812,806,868,991,878,872,669,762,709,875,875,960,919,789,700,798,860,640,940,819,953,841,837,667,936,991,668,942,747,745,788,897,835,691,635,942,809,784,689,675,930,664,663,747,912,901,746,847,915,817,625,665,831,807,948,641,933,854,710,941,863,978,854,874,935,625,911
,805,738,971,739,718,904,654,805,699,797,902,658,761,690,792,809,935,720,956,922,702,846,667,653,720,693,783,873,995,625,751,701,975,947,870,728,665,788,720,785,854,929,851,680,983,992,888,770,766,782,728,803,659,966,772,734,671,967,921,956,979,774,844,691,696,626,768,690,931,878,704,845,918,817,808,789,948,980,898,716,907,795,769,828,818,891,938,652,910,839,936,927,634,809,979,704,775,891,726,811,702,925,707,667,748,826,662,866,642,765,900
,825,687,802,783,899,676,748,849,811,631,677,723,708,708,892,914,653,777,916,936,687,783,651,908,695,876,687,862,714,823,756,916,639,976,736,802,647,754,716,668,709,939,773,742,660,861,990,887,925,805,710,740,735,890,730,681,851,664,695,933,834,906,876,733,944,894,684,767,743,624,822,629,716,633,804,773,989,735,675,829,895,783,921,861,640,845,636,672,931,767,939,994,769,680,771,846,680,728,686,735,901,839,759,737,967,640,868,673,714,943,868
,914,858,995,655,771,739,924,956,884,935,772,824,692,722,880,960,844,645,967,678,954,994,872,989,662,761,930,657,758,682,803,752,662,649,868,701,655,824,775,732,903,870,814,857,627,840,892,823,975,756,842,871,899,941,749,795,843,781,989,952,699,645,703,901,654,781,789,905,857,997,840,864,879,807,646,929,631,647,905,864,803,766,816,834,710,709,930,997,845,891,684,961,845,651,954,940,858,897,898,901,826,802,769,914,865,841,712,980,925,674,677
,688,926,651,925,674,837,761,744,728,931,885,889,802,995,790,970,840,846,958,656,765,980,900,982,926,775,789,647,896,927,750,937,936,831,688,950,832,942,848,957,961,672,715,878,730,706,766,706,681,673,859,969,908,758,649,692,627,765,755,987,885,668,641,753,689,679,632,701,945,782,965,860,716,977,634,822,800,923,926,848,775,666,781,929,904,953,795,729,859,791,949,694,796,899,788,965,676,636,859,666,671,851,763,753,907,861,792,953,807,733,815
,640,810,815,736,887,691,763,727,681,677,834,812,703,691,672,796,880,855,902,940,944,968,783,849,634,690,704,627,947,986,677,723,807,717,900,693,700,651,813,693,804,831,906,895,992,937,982,767,684,987,722,813,934,739,875,663,719,651,857,971,928,632,719,936,789,668,773,717,773,943,965,856,663,662,873,817,833,656,691,624,641,914,879,788,837,688,835,754,947,942,755,924,700,766,932,712,694,786,625,668,899,940,670,720,633,724,700,695,951,964,748
,870,697,913,694,974,932,751,691,861,829,801,636,940,947,862,934,694,853,760,884,917,742,914,883,746,951,676,842,647,979,942,775,722,987,791,996,791,866,681,804,974,704,764,693,910,930,723,804,895,664,729,734,817,955,750,817,793,664,983,787,722,708,887,897,934,766,765,728,773,761,769,952,880,651,876,834,955,907,851,856,856,768,806,992,707,690,662,709,693,674,750,847,906,945,674,829,948,752,667,682,839,937,663,732,845,629,988,916,969,961,650
,727,830,720,770,624,752,941,895,764,683,667,879,754,862,644,677,744,931,882,995,859,804,857,710,805,798,749,856,912,919,810,761,632,776,767,788,774,627,753,703,676,873,857,958,995,737,624,690,930,662,668,670,688,657,943,877,852,836,847,784,658,764,711,995,964,634,879,758,897,784,859,683,866,761,829,669,835,872,917,890,823,727,828,840,780,884,914,969,805,887,989,866,926,691,953,812,778,859,800,803,965,802,647,844,849,696,715,799,682,791,961
,942,839,977,860,911,825,961,921,744,848,701,915,694,775,963,896,972,800,756,649,808,934,931,955,846,995,740,718,711,691,901,645,951,700,958,665,631,690,874,773,640,907,670,809,831,751,767,987,639,793,900,789,773,625,906,675,726,656,681,665,778,713,962,665,741,733,877,788,804,864,668,681,834,652,786,970,806,879,678,762,800,739,714,707,813,727,852,939,926,882,784,742,847,971,672,686,831,840,633,783,839,890,747,767,766,966,703,904,954,772,728
,775,629,961,778,683,960,936,987,997,894,893,970,717,809,919,976,847,919,709,815,818,808,689,993,982,839,815,633,981,864,715,889,783,949,825,628,976,685,851,994,695,624,837,923,690,994,955,915,853,630,972,779,651,844,811,694,646,954,647,651,888,737,693,969,949,693,813,701,811,683,742,903,968,716,755,973,672,885,624,835,790,701,925,927,718,824,928,734,986,831,781,633,706,674,873,732,805,770,924,811,712,712,810,714,857,694,664,782,875,753,737
,774,937,709,745,799,684,915,979,783,745,883,938,632,930,921,816,733,828,709,649,870,894,774,784,668,843,979,662,625,636,978,861,900,900,861,990,703,911,670,704,966,899,825,720,626,727,975,668,859,973,877,637,627,774,749,934,908,664,825,714,665,835,753,981,988,938,959,721,909,975,658,777,756,712,909,699,777,710,729,848,916,799,644,857,664,826,774,910,825,989,981,817,952,696,853,643,922,981,838,835,681,817,960,997,842,724,907,632,939,792,869
,707,975,635,641,845,933,713,663,819,780,668,638,676,990,856,908,787,791,955,908,831,914,984,667,680,777,647,974,704,856,701,787,830,973,666,677,919,967,932,685,895,873,756,736,870,720,769,811,653,885,642,910,916,962,687,721,924,809,745,757,697,938,806,659,864,743,684,809,692,695,792,937,703,758,997,816,805,790,799,641,778,884,627,746,822,681,907,912,740,985,829,872,727,927,737,964,742,802,705,720,716,815,669,776,834,624,946,723,869,987,943
,694,767,974,882,717,947,661,709,747,756,723,631,926,843,954,643,970,743,918,715,899,976,842,851,985,812,877,824,881,707,665,747,979,780,726,907,890,829,973,791,740,908,632,748,904,910,805,976,675,740,948,987,812,896,896,729,650,830,680,632,699,826,684,947,739,904,707,856,773,681,869,981,713,963,762,722,925,877,642,660,890,963,747,957,766,795,887,736,830,898,804,931,741,953,819,756,859,716,681,754,932,771,886,769,847,984,688,896,977,794,799
,655,861,832,803,983,651,951,745,772,995,690,969,644,943,633,817,682,938,781,726,744,726,838,988,884,863,991,902,708,979,960,821,701,715,866,987,725,771,715,904,780,695,815,716,953,744,942,898,994,648,627,815,914,789,648,890,793,790,973,862,775,632,868,920,942,814,833,819,912,731,657,629,779,837,873,990,905,929,632,894,924,981,674,968,892,993,812,833,944,968,731,947,625,891,768,725,960,741,635,960,691,638,956,686,653,844,816,637,894,744,636
,835,806,813,989,983,753,815,789,692,878,857,835,630,880,694,771,935,722,840,879,740,667,720,694,952,817,788,977,953,847,917,908,847,670,628,731,652,897,666,738,709,825,758,884,954,864,707,733,912,716,639,965,682,723,654,774,927,964,631,764,693,985,718,781,978,878,768,748,835,733,753,939,934,857,708,843,624,739,682,711,865,747,886,787,721,634,643,740,706,967,968,806,763,717,792,965,773,913,806,991,908,888,956,909,948,955,958,951,695,674,955
,994,829,984,739,814,750,654,747,667,714,674,837,648,764,719,896,981,818,722,996,982,744,866,638,815,928,980,882,959,988,630,667,785,956,901,925,772,828,712,910,665,712,801,628,801,666,889,638,789,779,719,714,726,951,838,660,959,710,857,924,907,783,994,899,951,650,973,739,923,868,959,649,859,834,859,714,927,644,796,968,990,828,671,956,916,916,625,968,644,907,932,823,708,845,916,756,821,859,769,884,878,760,807,769,940,869,911,929,916,996,746
,949,944,816,782,926,728,898,948,639,771,823,889,814,912,828,631,990,810,921,753,815,814,624,978,647,934,986,985,976,816,947,670,648,851,819,662,762,791,938,947,873,912,953,963,900,868,650,654,750,640,972,791,949,777,785,822,977,924,856,665,642,858,704,649,651,901,636,817,698,686,919,791,889,701,913,732,698,693,785,691,751,975,940,742,835,682,732,672,878,940,706,934,652,766,644,894,728,650,640,727,958,797,830,812,641,716,624,950,848,870,759
,875,735,938,935,899,897,834,993,816,804,660,963,793,930,637,656,851,721,957,649,876,932,886,856,819,892,896,817,991,629,949,730,961,942,963,693,749,704,931,808,839,985,799,650,771,984,882,933,762,646,967,674,956,782,867,727,796,719,732,887,757,792,983,923,917,932,805,970,833,765,688,713,840,655,759,911,703,728,810,816,929,941,716,865,637,804,768,747,823,672,736,933,840,955,971,962,867,947,708,664,941,783,774,928,818,801,660,692,806,685,748
,743,743,718,817,961,977,909,906,830,712,963,796,790,718,664,919,781,638,684,655,799,982,724,675,835,760,983,823,995,856,643,957,740,751,738,849,800,885,909,879,668,889,801,789,774,638,826,900,792,836,631,673,676,862,710,870,979,708,694,946,791,907,709,823,947,946,707,835,895,984,670,877,900,699,969,895,653,636,872,696,937,634,742,889,798,805,677,682,664,983,683,886,659,828,867,692,916,647,878,629,839,949,952,662,643,783,710,806,779,872,975
,810,751,733,636,717,728,877,624,939,996,830,710,718,648,966,958,871,772,680,713,943,988,766,948,892,672,651,874,836,906,794,678,961,961,756,691,808,731,651,746,690,795,727,977,719,697,737,913,811,691,635,775,819,892,826,936,778,635,684,964,769,669,952,869,896,817,628,941,714,716,937,663,978,654,735,636,723,969,981,724,756,677,973,750,985,652,628,800,747,736,717,870,694,665,780,694,866,766,948,759,789,720,825,650,699,662,719,842,705,641,815
,770,924,640,948,783,842,785,764,906,646,944,867,886,788,775,787,709,933,758,864,916,672,878,674,732,938,938,642,882,838,997,885,837,893,661,731,686,661,849,872,765,672,793,776,743,958,822,748,753,943,783,729,768,835,821,839,901,982,791,914,924,907,719,814,666,906,859,697,645,697,780,808,670,720,957,743,963,982,845,981,663,877,920,851,963,691,795,913,629,934,712,843,730,792,923,753,693,657,727,925,705,895,698,630,645,780,994,831,791,662,728
,901,686,645,735,625,875,724,654,744,795,711,774,629,794,979,993,778,936,878,866,936,842,801,906,946,930,761,860,901,767,990,829,734,811,907,922,677,972,683,905,939,901,703,697,834,663,784,777,831,963,798,747,781,682,785,974,962,923,818,664,779,933,641,950,701,721,950,722,958,996,749,799,765,932,653,892,787,751,640,636,862,898,646,824,718,910,774,757,977,909,881,674,882,775,994,868,906,759,967,879,667,643,759,800,751,947,761,942,847,757,646
,767,885,873,638,634,640,725,904,790,751,836,897,674,901,867,774,697,962,920,792,677,921,702,987,743,690,748,871,625,972,934,660,881,721,823,872,679,770,946,862,909,888,923,727,671,863,990,913,854,779,746,895,940,989,747,927,631,694,633,776,822,867,795,783,688,631,949,641,954,819,866,658,976,819,940,968,796,709,709,899,933,737,857,873,979,860,934,980,785,831,956,950,682,991,990,804,915,732,751,950,744,957,985,750,838,960,630,992,814,745,718
,829,821,696,703,949,766,725,740,801,791,866,984,791,993,973,879,665,980,677,829,710,903,857,924,856,730,850,894,858,627,780,994,905,970,647,981,655,758,792,660,821,722,839,652,835,812,731,813,817,948,816,933,985,830,812,800,905,865,717,918,672,719,939,894,717,912,661,837,634,684,688,630,925,993,964,767,994,888,771,985,664,822,880,991,742,961,994,667,821,828,786,837,914,690,756,722,911,645,632,697,966,734,970,738,712,907,775,996,814,813,878
,637,906,661,940,931,930,762,634,939,750,869,743,953,993,758,865,691,962,918,943,755,828,900,919,925,844,938,744,993,841,746,776,960,835,644,745,968,964,985,801,947,839,948,730,650,947,793,969,628,677,930,895,837,778,645,760,668,745,984,754,705,919,634,915,794,983,812,763,848,875,895,866,967,971,986,663,708,845,789,689,876,979,887,626,910,819,974,725,862,934,949,980,868,878,814,987,810,902,729,729,625,993,760,642,922,690,809,658,794,815,670
,996,862,946,766,644,938,976,979,966,718,702,983,696,896,923,970,984,985,763,920,848,953,963,682,705,728,820,969,681,918,975,888,732,996,853,737,719,802,633,793,759,913,843,800,628,712,671,788,848,922,892,851,667,654,811,802,727,728,888,848,961,651,639,662,869,908,660,922,986,717,637,869,760,819,984,712,903,769,751,932,625,920,815,634,867,749,793,931,840,771,896,739,789,808,697,758,811,873,951,694,733,905,846,825,854,910,888,705,933,940,698
,877,850,833,987,749,735,772,775,703,672,800,888,820,974,756,905,939,713,967,716,875,682,744,774,871,950,929,904,758,844,684,801,777,848,838,972,728,669,852,875,874,838,774,833,977,985,726,934,672,828,929,632,663,700,830,756,992,868,749,777,684,818,871,889,891,742,992,808,646,627,685,767,794,780,798,940,923,892,748,815,954,938,946,838,826,771,944,742,970,746,873,854,680,965,771,870,661,993,960,780,897,800,983,903,957,741,733,987,927,701,895
,667,837,701,767,936,700,799,865,891,822,840,744,997,919,784,942,914,660,989,696,775,878,980,787,947,805,627,730,738,807,847,659,636,630,665,938,662,798,726,650,845,745,970,913,807,933,863,828,763,933,655,746,935,823,767,941,731,867,689,969,983,735,636,695,869,912,626,692,990,660,726,668,656,942,912,817,867,631,650,829,992,723,918,980,851,951,686,884,849,815,800,797,974,634,751,876,669,861,969,942,959,891,987,920,740,864,720,750,909,951,660
,628,737,633,948,846,945,977,664,889,683,866,793,730,898,900,635,817,966,757,688,732,803,662,647,661,860,672,984,899,785,971,687,792,656,835,915,778,798,680,845,778,659,787,948,831,801,638,985,941,900,759,890,840,698,705,891,880,644,825,713,656,759,813,745,693,962,815,924,644,942,767,992,937,957,842,740,858,889,749,952,845,989,636,952,702,867,859,968,841,963,985,664,650,977,634,814,892,899,768,785,629,899,809,737,671,982,818,969,965,907,959
,889,768,792,806,872,934,666,786,876,940,724,694,671,848,715,789,633,707,691,626,791,655,897,976,776,888,627,773,835,637,831,912,730,859,889,891,916,832,867,755,987,647,655,798,789,821,631,794,858,679,647,979,713,657,632,748,949,943,820,889,811,985,820,749,989,627,910,797,659,810,646,930,723,794,793,706,942,714,734,826,842,715,795,751,665,947,864,627,987,624,728,773,766,957,701,948,873,851,735,924,883,893,906,647,684,661,855,738,812,654,944
,763,974,887,924,988,939,733,820,813,965,793,859,973,877,792,852,824,969,761,874,666,850,626,825,832,703,669,687,699,946,847,629,645,917,792,913,835,633,917,898,861,729,796,721,908,889,629,784,757,711,657,891,661,624,723,693,853,956,690,975,762,686,891,735,891,895,911,888,809,937,688,850,627,945,949,661,850,695,730,997,804,797,670,682,929,918,808,886,975,912,924,815,871,796,842,755,966,945,920,631,992,644,950,889,851,883,921,926,923,899,645
,691,658,869,826,948,668,861,678,860,742,941,672,893,887,630,752,629,886,690,771,853,637,987,727,782,745,878,684,732,799,864,842,839,651,672,833,922,778,714,697,938,920,881,817,703,646,887,883,982,957,682,936,832,658,968,892,831,687,632,994,842,818,814,779,907,956,751,696,772,822,863,947,690,995,988,912,779,792,837,931,977,891,751,703,748,904,971,977,798,850,881,894,697,722,874,973,852,683,830,957,983,746,929,692,639,921,689,882,695,938,853
,972,718,799,803,659,771,711,723,772,645,889,883,811,988,705,977,687,758,671,831,835,710,857,821,950,727,797,782,769,645,672,794,688,919,630,805,812,851,802,834,909,749,937,927,696,719,695,901,734,977,838,721,929,783,644,689,890,972,810,995,800,730,662,868,678,955,705,834,925,734,768,858,793,881,760,647,632,903,963,682,665,977,887,984,691,751,795,696,987,739,849,778,724,767,962,807,803,983,680,845,873,955,754,830,879,814,894,978,780,812,709
,934,852,660,792,988,696,697,885,828,948,978,874,949,839,785,945,847,820,776,772,969,676,841,834,833,937,649,776,969,885,825,987,766,668,707,701,702,740,823,995,926,660,962,919,738,641,708,958,720,992,798,788,705,738,702,848,739,848,638,962,845,871,702,880,748,888,695,770,996,785,920,991,747,732,877,959,830,910,737,720,834,964,959,853,625,839,684,969,644,759,813,798,907,802,786,917,983,920,794,646,801,635,914,902,920,748,858,995,719,923,677
,742,669,724,782,680,698,739,793,647,833,664,787,659,852,856,804,703,774,770,901,835,934,665,984,886,983,670,976,705,898,906,687,750,955,647,845,781,851,673,985,854,819,763,753,956,810,738,653,858,877,666,800,804,727,706,646,827,719,933,921,757,660,757,709,717,975,637,967,975,971,633,903,700,779,757,864,932,755,754,926,745,970,723,659,910,774,976,703,654,870,716,678,667,962,953,990,845,887,633,981,813,690,880,846,857,687,639,753,631,671,690
,777,737,701,627,962,993,948,721,937,673,881,794,890,952,624,942,903,777,954,875,890,926,950,945,893,951,763,821,953,786,668,780,851,966,682,917,856,922,939,728,943,955,997,801,875,895,842,706,634,877,944,759,985,957,649,851,731,820,984,817,715,866,792,762,637,864,705,858,943,785,813,643,626,919,767,937,972,779,940,926,924,624,933,963,915,689,964,974,738,839,827,624,669,733,781,871,727,721,772,861,644,842,947,683,976,894,628,847,665,957,916
,688,865,632,858,630,980,719,726,982,923,960,846,974,915,898,834,788,789,949,899,907,854,747,821,763,852,770,776,664,719,855,708,921,850,719,920,806,704,724,967,897,854,750,757,703,726,773,919,820,916,713,667,706,921,726,774,720,737,824,995,930,723,981,960,705,719,663,813,857,904,963,631,732,749,775,650,639,967,939,787,801,986,821,688,716,753,866,893,958,764,977,764,737,929,940,828,660,667,727,886,936,689,803,938,908,972,697,918,924,760,945
,633,775,684,944,764,880,720,814,642,657,799,787,681,903,922,810,958,831,878,798,704,864,904,760,764,713,823,657,809,813,792,808,969,938,907,841,776,887,691,902,907,686,850,859,748,852,706,648,993,837,777,640,814,656,719,881,899,854,853,916,633,979,727,717,983,693,913,756,748,915,820,932,721,663,956,827,676,703,875,624,703,775,629,940,801,991,659,636,792,734,970,634,805,718,988,915,991,716,628,677,863,826,714,669,997,985,969,961,893,830,707
,937,846,771,994,722,851,926,932,689,836,913,821,924,706,754,675,630,908,674,740,687,978,624,736,869,887,665,855,848,969,763,953,888,671,923,996,685,635,976,858,807,871,895,884,726,722,628,904,648,914,954,763,625,917,801,663,677,844,712,686,899,633,899,992,842,737,866,813,898,681,969,709,942,795,792,830,627,886,783,940,831,924,968,731,931,670,643,837,852,783,726,852,710,723,645,723,691,701,877,686,767,722,876,838,714,693,726,646,995,803,859
,701,708,976,924,639,830,938,887,756,728,809,830,840,770,693,842,705,686,651,775,740,698,760,738,913,996,950,988,954,776,801,735,967,748,992,881,926,721,748,824,909,987,843,842,937,874,858,969,720,672,879,949,872,877,762,884,693,845,714,734,628,860,820,795,951,784,636,903,948,974,812,787,925,756,983,713,911,723,642,910,855,644,725,809,733,637,736,876,678,776,628,732,730,905,943,773,705,765,712,795,628,993,794,805,921,680,701,972,931,800,631
,683,640,992,805,912,658,900,825,908,924,757,784,975,921,872,807,794,942,753,904,664,756,842,909,730,982,696,792,885,900,916,800,980,659,632,686,765,670,636,695,699,637,660,694,926,634,914,984,866,925,747,715,696,704,708,875,890,828,859,760,854,780,864,886,646,967,650,692,824,907,789,791,693,996,928,957,639,996,671,640,839,815,714,848,781,866,970,874,860,936,702,739,786,710,777,840,820,745,847,890,879,871,829,710,773,838,985,729,879,818,850
,795,625,996,908,641,854,762,646,937,625,853,710,875,987,996,935,628,777,899,882,646,714,869,818,768,896,918,746,628,946,669,769,872,646,624,960,699,733,777,806,833,756,954,907,674,937,944,813,719,936,763,751,819,744,800,846,842,966,919,924,760,989,688,878,730,902,888,930,701,799,946,799,824,878,881,665,632,864,746,641,628,730,754,879,841,751,776,759,953,947,675,704,793,771,808,848,859,847,640,957,924,627,772,864,991,775,891,732,965,655,841
,658,804,995,888,701,815,788,824,952,870,702,935,928,672,801,857,716,882,679,844,664,792,836,671,638,791,765,808,913,684,877,870,995,877,669,907,712,902,802,799,680,863,824,909,703,643,763,986,866,629,795,808,794,814,862,914,932,990,807,831,734,860,637,698,732,902,736,811,923,939,829,995,961,838,696,718,836,925,881,900,929,960,918,902,674,724,634,700,836,694,723,657,869,679,725,882,728,977,837,744,742,718,941,967,963,901,991,739,687,883,816
,818,677,744,711,992,997,969,624,689,645,988,975,766,985,937,632,631,772,896,938,691,750,818,652,626,699,815,904,833,748,828,830,673,661,675,866,654,940,972,919,918,677,796,957,800,947,715,631,665,775,788,794,766,884,779,627,624,913,762,966,898,897,740,833,735,924,939,649,923,697,956,664,724,978,742,789,966,940,844,695,712,666,753,670,853,929,951,668,626,761,873,854,944,882,754,940,698,655,931,674,640,930,795,768,866,688,861,969,865,800,916
,909,971,932,893,933,878,812,876,833,727,980,987,868,821,635,838,776,832,659,761,914,756,970,669,736,970,749,953,905,681,693,783,995,680,888,806,850,737,979,688,957,766,751,700,923,677,920,838,691,806,656,807,929,939,666,650,965,925,833,659,997,835,857,991,736,795,781,758,860,850,767,966,768,637,693,963,854,766,952,787,761,985,884,896,762,829,709,676,785,683,965,823,916,989,953,789,991,943,721,631,895,732,698,931,751,634,886,963,819,674,724
,885,764,725,688,741,991,696,780,970,659,814,977,908,836,870,959,887,899,729,675,839,712,905,940,796,996,641,646,675,863,938,972,841,710,819,834,837,661,865,689,637,871,909,837,915,730,719,839,771,649,748,723,803,856,965,669,812,645,911,776,848,667,962,876,854,941,910,727,826,767,961,772,743,835,703,863,667,929,700,809,727,856,950,909,626,898,866,823,946,952,786,853,871,663,829,936,945,942,754,929,624,713,806,785,948,967,710,630,754,716,651
,953,670,673,831,709,722,713,778,982,790,987,956,686,736,876,883,797,881,942,625,877,863,931,898,922,751,938,631,859,871,942,845,932,655,970,664,716,827,769,793,935,815,637,859,672,983,683,769,630,890,718,652,824,811,809,995,678,832,691,855,779,994,660,777,852,832,923,642,686,823,921,631,919,980,721,824,649,660,951,885,935,804,925,892,718,794,765,659,706,699,701,836,636,836,933,899,843,945,860,942,708,781,667,779,796,749,839,783,914,650,762
,887,858,659,796,890,630,667,847,666,960,725,676,972,711,729,812,779,848,680,643,642,919,686,883,922,783,751,981,941,710,968,965,781,830,657,756,913,880,972,698,887,707,961,935,670,694,815,927,653,904,704,665,681,677,681,732,764,881,791,732,780,663,895,909,663,648,702,753,651,894,706,799,775,905,805,764,676,784,773,924,961,952,666,783,877,888,870,985,932,924,927,815,874,690,781,927,982,654,873,932,988,852,645,632,970,893,825,666,709,897,671
,774,891,867,990,864,975,761,960,687,674,701,757,900,894,667,888,858,876,988,810,896,886,738,912,726,954,896,924,837,755,764,920,770,875,865,945,691,842,697,985,638,677,960,890,932,737,966,964,913,966,704,739,700,886,706,975,945,851,966,981,663,861,800,724,916,739,968,628,860,842,636,916,807,770,727,847,773,693,988,884,778,904,778,659,972,989,758,926,643,749,752,727,932,775,738,768,896,792,769,641,892,956,700,956,739,695,650,663,892,801,667
,972,729,715,637,913,757,637,957,908,769,638,628,793,716,856,721,645,744,821,938,929,662,838,648,765,727,992,767,948,711,953,638,651,910,761,811,692,640,785,921,870,630,965,886,905,647,730,865,747,887,729,811,867,737,941,761,888,994,651,662,951,632,757,747,810,896,691,766,643,714,892,633,757,660,804,745,904,631,628,980,871,629,962,762,632,926,707,669,728,845,821,631,897,745,831,733,997,816,817,904,650,876,638,756,674,677,858,728,707,906,703
,944,946,673,818,921,784,782,723,962,861,775,819,788,870,838,668,777,990,964,638,906,646,975,953,849,806,687,685,691,815,730,757,880,637,909,994,689,970,907,867,888,761,856,993,653,665,896,819,654,954,746,903,798,754,913,861,811,772,839,725,652,829,827,880,945,699,715,857,677,624,753,765,996,743,937,911,766,722,628,923,700,677,822,662,925,628,889,942,796,666,808,965,738,806,875,930,794,934,635,729,792,764,723,766,828,958,860,972,683,806,904
,783,756,936,967,927,850,852,698,862,759,762,837,771,902,633,966,684,964,639,756,781,641,860,752,821,921,955,781,961,779,685,657,950,991,918,914,676,913,642,693,987,686,873,858,695,680,724,729,989,649,867,768,916,923,875,990,778,775,874,958,687,830,989,856,680,725,770,707,876,997,995,776,890,673,877,950,689,737,658,744,625,811,961,775,738,638,814,938,926,725,858,657,776,640,988,956,658,937,874,690,884,997,637,726,634,911,790,702,727,858,863
,934,972,960,811,631,722,873,678,666,694,996,792,662,905,927,727,837,699,882,709,908,831,657,954,706,967,782,853,863,661,924,698,842,893,919,985,711,643,693,814,955,762,942,817,875,849,873,635,638,961,728,903,677,728,877,970,915,927,704,805,625,816,970,804,628,922,852,976,942,932,794,792,785,799,753,964,628,806,797,715,648,970,675,862,926,885,771,742,963,894,894,834,980,720,836,861,701,787,944,718,807,799,996,974,902,628,918,853,786,810,912
,857,751,913,804,866,933,780,905,842,844,936,769,740,775,814,706,842,966,664,732,741,733,952,890,680,863,831,841,986,885,881,847,661,633,673,844,913,682,671,878,810,966,930,932,864,640,819,692,823,809,884,940,731,991,765,882,689,801,851,942,722,971,839,919,651,652,967,705,909,761,958,663,859,706,880,975,784,765,942,969,803,803,693,878,871,764,669,838,839,973,937,994,649,829,681,666,938,792,705,658,694,831,774,807,980,821,642,990,981,743,893
,675,771,835,907,994,956,955,974,654,895,962,787,922,745,837,676,758,750,859,780,897,677,729,708,803,710,955,788,863,712,733,813,885,746,862,980,865,935,960,632,920,904,992,837,742,958,831,839,839,650,683,909,757,760,680,635,856,636,899,668,636,630,672,793,813,996,823,649,711,792,692,833,715,985,633,937,749,929,683,829,705,887,861,939,935,807,992,635,996,683,941,730,981,874,988,859,924,973,687,745,653,959,643,647,784,693,645,916,773,921,893
,934,650,798,894,716,785,945,699,904,823,678,905,704,890,766,666,955,857,719,807,908,761,743,669,634,708,697,955,788,644,742,684,743,762,719,925,984,952,920,671,704,829,920,821,939,760,770,849,824,859,683,888,656,934,877,637,789,866,661,869,660,968,732,913,959,926,816,676,701,679,809,952,768,711,647,878,717,914,746,820,672,910,653,635,951,822,664,796,759,940,828,663,888,727,981,887,933,771,874,731,896,917,809,687,679,736,951,928,842,809,653
,953,722,660,948,796,852,972,928,743,652,693,835,985,925,898,683,917,918,713,746,961,646,861,733,992,679,764,736,864,800,761,736,650,761,663,796,795,963,852,635,876,648,667,903,948,806,631,733,626,996,721,875,904,711,632,808,958,923,944,907,786,725,858,937,838,940,801,835,884,802,931,666,906,625,894,898,991,649,952,933,745,758,931,768,833,992,899,803,759,913,859,926,666,963,663,892,799,737,739,731,894,786,781,637,659,948,638,720,723,791,808
,759,953,888,782,921,837,823,688,991,947,927,692,857,676,712,733,696,948,669,646,862,784,903,958,982,813,867,910,752,628,974,968,882,719,852,947,835,958,988,647,839,671,728,682,888,822,917,849,885,810,961,634,878,855,895,988,992,778,939,755,839,684,947,737,681,761,696,915,813,984,865,900,718,789,850,797,838,997,979,824,896,645,871,668,807,970,667,779,663,848,820,668,696,728,633,928,959,805,735,969,679,834,925,878,909,893,969,936,725,718,858
,782,769,660,872,840,932,785,981,958,646,776,921,825,892,921,669,964,685,721,850,849,979,946,906,808,759,761,729,745,638,851,765,798,766,977,779,677,870,768,799,799,740,681,820,744,800,991,647,645,891,786,723,733,811,972,757,959,884,684,814,942,753,778,943,833,857,966,995,996,770,627,738,742,871,739,865,856,853,980,944,780,853,649,800,703,955,909,667,796,979,626,767,930,997,740,892,813,721,958,915,769,678,733,653,808,872,869,813,764,944,937
,685,996,776,710,725,671,879,689,956,820,697,792,993,765,642,796,795,670,769,934,943,885,863,806,814,977,855,953,981,711,760,940,768,703,995,649,905,761,681,886,964,931,909,803,943,813,857,755,806,649,673,730,666,801,834,749,641,805,842,747,922,898,687,641,812,793,834,933,654,707,820,817,663,745,872,898,995,868,656,777,732,974,940,637,882,947,804,845,830,700,763,938,913,875,916,984,967,695,826,852,989,654,899,919,673,959,986,830,793,884,910
,644,671,955,791,754,869,812,931,908,725,800,863,633,931,658,765,838,782,634,637,833,642,699,820,811,748,703,937,761,894,948,627,917,846,963,972,818,656,800,641,927,695,920,762,659,661,876,804,837,718,939,823,837,844,727,945,855,915,696,664,945,788,826,954,831,846,971,886,708,949,662,776,832,906,995,925,792,986,918,885,806,894,943,815,883,784,811,810,714,855,741,835,741,881,890,731,629,725,889,921,639,903,969,723,907,897,879,754,691,924,667
,665,818,816,939,887,818,682,720,624,682,831,642,667,828,786,956,704,813,753,893,765,716,991,699,892,811,992,678,931,681,976,803,954,890,708,753,626,961,963,696,647,953,930,676,655,973,668,634,630,978,720,815,710,650,839,916,708,985,723,821,935,968,803,905,737,997,670,673,672,960,969,731,795,909,803,912,641,772,625,775,884,667,724,633,876,959,739,874,731,909,906,705,725,715,664,720,783,991,925,670,722,841,710,738,889,928,700,872,976,852,646
,923,765,639,828,667,659,955,825,879,899,702,848,625,955,793,802,943,756,886,852,953,765,824,720,971,879,974,772,767,870,956,675,943,834,781,936,996,882,903,648,845,750,717,857,696,776,886,627,624,764,987,773,952,628,850,787,995,659,685,639,719,867,805,830,983,715,799,813,697,632,835,902,890,850,688,870,797,724,850,637,766,840,652,727,985,776,890,868,730,797,657,908,818,946,782,913,970,713,912,881,727,901,643,867,789,980,920,841,672,833,964
,996,703,646,907,964,881,667,694,755,683,650,997,862,772,932,719,851,655,942,976,950,865,898,658,666,783,659,798,654,835,867,875,802,668,872,746,930,808,862,956,973,676,857,928,731,938,926,878,965,797,712,988,931,894,638,857,644,671,829,916,729,681,771,678,669,626,892,987,762,860,650,871,808,966,629,666,844,817,878,675,777,694,867,855,997,862,703,654,931,874,829,711,671,691,642,985,977,867,943,943,877,751,792,826,734,776,649,626,979,711,712
,938,629,800,827,866,920,708,643,697,881,667,770,753,661,948,930,712,929,907,947,666,780,644,980,833,624,744,966,915,746,851,718,830,907,741,734,676,803,911,724,951,665,927,683,758,798,774,709,804,676,837,920,847,927,754,860,731,973,818,854,791,959,897,969,731,651,947,723,872,964,892,879,834,877,831,753,798,970,844,789,870,694,816,911,640,765,894,978,920,709,932,987,808,671,964,717,816,942,835,943,879,906,956,739,953,882,995,884,989,983,636
,983,629,947,766,883,666,742,984,746,632,939,791,932,911,669,660,724,947,920,742,668,743,976,695,741,989,644,810,688,968,791,910,648,798,804,864,703,709,995,771,624,978,665,783,802,830,905,840,755,729,867,815,920,755,706,984,846,840,686,913,870,787,718,860,718,883,760,829,900,779,680,909,997,921,990,802,659,799,980,948,722,762,856,647,755,758,905,640,843,647,816,961,853,967,969,972,958,979,850,963,675,867,980,959,954,863,736,790,747,717,763
,959,743,658,718,774,821,923,647,634,862,808,738,861,684,772,875,966,811,958,831,816,877,985,970,732,684,834,709,859,648,695,943,862,713,863,829,939,889,908,671,834,705,941,773,882,858,696,669,820,902,848,904,834,764,682,717,929,778,965,789,750,757,750,656,796,631,996,903,791,797,670,830,726,889,845,766,739,791,862,843,656,917,640,636,783,655,862,963,985,946,913,656,946,737,740,797,792,836,952,654,909,717,780,929,708,834,897,793,751,680,849
,813,775,876,794,690,631,889,718,801,847,753,791,869,762,794,774,638,942,855,951,797,961,754,900,825,656,768,816,909,627,882,675,992,679,931,820,714,901,876,914,891,936,692,968,754,706,701,630,840,940,660,703,798,922,783,922,725,675,658,946,707,990,732,702,677,971,860,946,913,658,820,786,648,794,733,938,886,819,681,802,995,884,661,949,891,857,818,947,834,824,680,782,857,867,770,627,889,944,995,674,964,669,674,902,685,726,643,934,714,709,758
,753,627,684,772,663,786,642,827,751,909,937,952,820,660,833,993,866,636,964,902,625,795,645,766,937,755,934,814,904,961,946,795,877,952,765,856,802,925,854,990,941,986,798,836,789,684,762,958,744,945,987,629,683,643,975,709,889,629,931,805,844,719,887,830,964,860,707,727,721,924,896,646,728,801,663,853,664,670,824,925,782,861,730,723,881,833,933,950,655,862,974,634,692,732,634,989,966,921,789,914,683,734,987,877,860,712,991,816,966,702,953
,631,986,926,640,875,941,812,706,683,864,771,691,935,886,824,757,872,682,893,678,833,720,912,678,787,745,732,815,642,980,776,950,867,843,748,655,778,827,646,912,850,742,773,683,825,825,892,882,801,741,860,953,973,627,963,719,640,746,980,737,878,791,822,992,949,750,877,907,761,631,831,781,680,968,959,977,694,948,673,997,970,731,726,732,896,765,787,770,930,693,808,802,639,987,880,861,635,978,856,888,821,720,820,839,920,660,850,927,778,954,659
,763,939,867,909,833,715,709,968,807,678,735,696,974,992,909,878,743,762,826,722,694,637,801,889,814,973,681,974,972,774,891,851,832,992,652,779,863,646,683,723,794,898,790,828,925,852,627,700,759,954,747,678,673,803,766,687,985,852,927,837,915,643,688,907,754,785,627,855,721,895,891,994,881,927,696,949,871,872,664,637,899,875,625,844,919,970,735,648,961,994,669,946,838,912,677,932,834,644,752,842,813,791,767,832,791,835,814,801,829,974,648
,780,814,807,800,898,912,780,954,909,818,792,914,913,644,800,994,627,842,759,856,906,837,961,987,636,625,968,910,732,668,965,682,985,688,719,633,641,843,831,707,714,854,897,759,656,703,953,690,644,660,949,934,713,761,735,873,645,761,911,647,749,758,940,930,636,889,830,706,905,882,988,666,786,774,745,717,849,664,660,859,725,879,756,739,850,983,670,755,776,887,993,765,676,683,950,761,696,956,735,655,698,840,905,691,807,983,644,746,966,717,654
,940,693,624,752,646,803,773,881,664,942,694,757,752,749,982,922,868,992,844,965,986,846,777,685,701,896,923,996,739,844,770,638,830,908,944,733,738,914,755,672,890,712,956,755,809,805,697,923,626,756,921,666,836,790,825,965,973,901,774,671,954,862,712,972,927,826,654,988,887,863,668,864,784,799,890,692,925,824,914,947,929,801,903,945,720,713,677,772,682,936,811,757,876,889,672,876,704,971,652,831,914,701,689,651,773,791,763,743,660,790,817
,831,717,908,776,922,645,676,627,903,713,755,952,919,639,626,903,757,674,928,924,634,915,782,769,981,706,896,755,805,812,842,989,855,982,775,888,946,962,930,937,855,885,650,745,655,840,679,866,973,958,676,756,762,707,682,708,870,701,827,868,837,931,982,693,768,770,678,760,834,628,855,960,796,815,851,870,630,894,638,764,631,902,701,829,666,930,772,896,966,953,768,840,777,985,663,944,648,629,924,971,853,836,954,836,966,833,729,691,678,627,792
,953,696,981,859,768,677,849,629,883,699,686,946,691,674,632,646,977,843,841,837,903,708,889,678,710,904,848,939,640,799,727,635,823,834,686,777,832,639,920,916,855,934,705,797,722,726,794,858,951,802,777,864,845,953,705,970,632,635,796,837,936,675,879,896,827,707,739,722,971,742,638,976,969,732,787,935,703,972,966,725,746,637,980,890,730,915,787,944,776,892,677,704,760,723,814,818,914,643,780,673,742,854,965,806,656,760,971,854,834,943,867
,780,921,653,985,914,676,994,913,916,970,777,951,639,947,714,900,809,876,699,889,925,981,724,876,683,890,936,953,668,800,939,809,971,688,940,788,666,726,786,764,712,819,775,819,748,962,934,811,790,785,693,789,765,625,897,625,624,812,830,663,834,870,935,841,674,669,713,951,985,842,822,776,905,627,649,742,717,779,812,857,682,972,977,701,756,853,776,852,856,640,917,698,995,821,825,639,843,848,975,852,893,975,786,828,707,724,745,842,819,985,677
,932,997,793,785,986,784,931,897,941,824,629,907,636,806,639,887,644,910,854,748,857,648,854,885,942,638,888,710,802,978,916,905,637,851,755,836,646,933,714,857,876,886,658,721,687,701,729,768,976,625,692,841,955,908,916,898,716,786,665,726,650,971,823,809,685,744,842,966,755,886,688,650,633,711,745,754,629,909,863,851,662,855,983,746,640,685,671,906,765,712,757,812,664,728,654,880,819,931,694,853,914,810,792,686,655,973,912,759,808,987,987
,836,959,867,789,650,826,964,715,843,705,783,636,740,979,792,743,635,750,692,628,850,881,738,764,913,797,910,814,711,837,967,649,946,892,772,819,901,752,771,886,929,688,857,776,910,866,821,983,806,995,815,846,640,977,675,831,837,633,940,644,902,941,797,989,846,726,774,704,942,960,885,916,996,832,911,799,962,710,990,850,960,649,715,887,665,992,873,897,731,828,672,932,801,901,832,755,730,761,989,918,656,863,945,659,730,632,703,666,766,903,759
,934,632,927,988,876,958,644,895,995,689,734,930,900,782,933,944,805,858,884,984,740,797,651,718,715,770,825,705,716,928,791,979,940,989,688,661,893,695,966,991,776,747,880,929,692,746,753,879,797,991,720,862,930,962,624,913,960,906,970,866,838,781,992,758,830,910,868,684,887,776,921,805,760,763,963,688,874,768,861,984,779,769,666,829,930,985,995,951,717,915,749,736,833,912,642,846,792,706,907,710,692,827,957,844,625,640,792,791,784,727,721
,782,909,852,750,699,916,862,865,746,945,711,806,681,636,992,936,947,743,673,636,773,825,908,729,848,681,778,685,769,752,702,693,864,974,636,917,641,659,921,914,840,659,868,834,916,624,744,752,776,732,958,657,988,930,805,732,816,637,647,941,646,769,922,697,946,636,996,838,850,842,749,892,703,673,802,943,689,759,674,718,772,773,921,841,672,974,871,935,691,745,762,746,919,886,816,690,934,744,978,700,820,688,962,809,854,791,876,649,671,831,802
,853,626,996,767,765,673,864,704,634,932,790,879,949,968,717,712,994,828,671,845,853,866,876,806,971,899,686,773,772,940,921,923,813,749,681,929,637,629,952,643,846,867,682,803,939,772,815,780,771,698,929,730,813,640,631,768,866,944,947,758,864,917,866,965,983,651,940,875,829,854,800,890,988,956,846,951,931,795,731,904,934,662,931,940,824,984,974,696,778,880,956,640,789,673,948,666,936,759,918,978,808,924,970,852,868,900,938,779,703,707,893
,846,828,988,836,672,629,838,895,772,893,638,721,689,681,744,742,778,769,669,896,940,676,791,941,733,722,801,911,695,650,804,921,800,731,884,797,861,953,767,949,875,952,638,987,801,974,918,875,936,991,866,955,873,794,838,875,670,915,960,913,793,820,824,964,850,911,930,894,765,928,657,783,750,992,897,832,878,928,739,909,656,787,982,982,818,945,669,970,852,771,635,651,855,637,980,882,808,912,769,916,745,860,751,757,868,666,901,670,808,864,746
,794,688,862,858,867,645,659,675,748,810,796,762,666,908,832,907,838,676,866,701,854,775,991,689,653,858,842,816,891,940,625,787,988,825,955,709,664,882,922,864,674,657,907,885,967,989,984,875,702,921,871,966,835,835,846,779,687,634,941,670,939,678,835,886,990,995,707,835,909,660,855,663,821,669,937,750,641,882,659,662,809,824,695,643,646,699,866,875,896,843,671,871,887,884,941,868,845,781,763,913,708,961,706,876,688,875,676,654,956,801,828
,986,790,691,821,654,870,853,689,638,642,643,778,753,794,804,720,630,844,812,649,906,951,811,949,814,735,732,914,863,893,775,671,801,826,818,904,888,692,881,815,720,975,884,701,846,670,783,823,911,735,673,641,994,927,870,894,765,940,916,861,643,754,816,730,705,851,695,867,919,876,936,739,726,869,676,969,875,847,661,800,710,795,899,785,837,801,714,778,758,991,812,706,688,987,902,656,837,724,797,628,650,838,634,639,663,762,822,799,648,810,900
,865,863,824,861,656,901,731,752,952,969,672,751,772,644,723,688,696,912,929,657,812,923,705,866,749,917,978,869,881,774,750,729,967,726,762,739,694,931,692,624,991,907,863,668,895,824,806,936,662,750,829,872,680,941,715,970,960,809,713,807,939,671,825,779,996,680,881,906,704,825,898,799,784,786,971,660,689,638,795,693,808,893,751,959,986,714,787,791,842,956,984,708,832,865,674,764,716,696,859,976,864,648,626,745,964,883,940,769,686,933,656
,668,908,660,955,788,894,796,820,952,719,823,805,766,643,730,936,682,722,934,917,747,658,781,956,662,997,637,951,882,735,641,649,731,802,891,626,821,632,657,760,728,829,672,829,898,736,866,733,626,871,734,753,846,848,900,667,679,734,732,870,972,910,648,773,932,739,652,653,931,743,767,688,662,889,860,788,798,833,702,641,852,969,720,773,691,654,899,890,932,797,683,762,674,717,687,924,836,760,812,972,930,943,977,625,876,905,982,959,951,801,974
,729,767,785,946,701,841,848,877,961,979,983,750,822,894,960,685,864,775,914,651,770,823,684,919,801,865,765,977,765,814,711,744,841,863,702,837,891,742,637,704,946,989,771,744,925,754,941,852,946,822,725,802,777,740,713,792,845,664,832,634,749,659,872,923,805,831,838,870,697,675,844,677,756,630,916,829,936,723,856,966,684,809,741,694,678,641,904,695,831,651,965,853,950,797,677,872,727,914,802,722,978,715,778,659,790,642,634,752,690,758,712
,953,995,798,905,896,946,911,944,711,966,856,721,768,783,634,670,952,801,984,684,971,766,823,719,846,752,877,941,928,975,796,997,851,704,879,857,770,920,924,635,862,907,915,827,689,634,778,795,827,681,931,729,754,700,857,965,661,989,963,657,839,686,950,871,831,672,964,648,913,639,954,899,909,814,811,773,700,906,652,662,742,919,749,986,777,915,986,895,976,746,921,976,682,706,681,624,932,795,770,983,963,725,778,765,680,893,687,718,677,754,700
,880,953,762,719,950,810,890,763,665,760,724,960,691,733,993,860,939,675,871,679,963,883,942,783,689,855,889,849,725,850,908,915,991,780,686,997,917,783,942,947,865,986,808,659,974,971,890,633,642,923,700,633,835,923,624,923,678,751,892,832,727,904,803,827,649,985,968,644,960,897,645,785,783,629,692,981,828,907,832,647,915,642,802,921,976,776,972,799,802,941,625,705,703,928,911,749,840,713,858,797,652,752,865,694,637,826,981,726,762,943,646
,741,894,721,773,663,629,952,812,854,791,684,850,929,997,781,757,739,989,951,678,655,843,651,877,761,884,885,869,792,675,643,825,788,646,991,694,934,943,691,872,920,742,892,913,717,947,893,794,962,700,942,795,765,761,927,781,844,638,900,748,679,709,918,891,994,869,738,763,921,884,792,818,802,659,689,994,943,942,993,802,913,983,924,710,820,869,629,649,824,707,962,802,745,633,677,926,759,657,709,822,637,680,901,791,794,996,686,719,759,960,920
,870,846,996,930,979,940,648,908,987,735,734,971,849,650,933,720,772,866,722,716,756,990,745,709,779,770,942,711,949,819,973,989,823,898,875,695,709,696,965,836,919,952,942,656,918,961,742,810,707,662,658,624,929,725,640,875,715,677,682,766,836,778,629,922,725,836,678,946,836,982,876,700,889,680,727,739,994,811,911,890,870,710,720,672,841,705,941,897,703,967,703,626,870,861,952,822,632,996,720,763,815,633,991,867,635,756,832,867,826,718,766
,761,669,703,696,764,691,667,928,753,753,699,686,947,853,982,909,730,796,706,788,847,681,890,739,767,778,631,822,838,725,705,696,762,914,870,758,960,763,779,649,834,753,849,716,966,738,651,785,907,935,773,785,903,772,860,877,874,997,868,788,631,950,636,859,980,881,966,680,890,882,996,974,773,740,705,954,909,987,949,685,914,690,925,635,834,668,896,982,918,773,855,880,732,902,868,868,981,966,879,644,814,634,688,703,963,983,823,684,901,729,943
